Año,Trimestre,Provincia,HASTA 512 kbps,+ 512 Kbps - 1 Mbps,+ 1 Mbps - 6 Mbps,+ 6 Mbps - 10 Mbps,+ 10 Mbps - 20 Mbps,+ 20 Mbps - 30 Mbps,+ 30 Mbps,OTROS,Total
2022,2,Buenos Aires,"30,639.00","28,323.00","295,238.00","307,554.00","273,954.00","129,869.00","3,535,757.00","65,849.00","4,667,183.00"
2022,2,Capital Federal,517.00,598.00,"36,036.00","72,434.00","55,372.00","31,571.00","1,229,254.00","105,607.00","1,536,771.00"
2022,2,Catamarca,71.00,413.00,"3,678.00","6,155.00","7,165.00","3,393.00","43,926.00","2,207.00","67,008.00"
2022,2,Chaco,461.00,"1,047.00","17,603.00","20,109.00","8,391.00","15,974.00","76,271.00","3,708.00","143,564.00"
2022,2,Chubut,109.00,"1,444.00","45,804.00","31,217.00","3,429.00","14,526.00","15,394.00","20,021.00","162,805.00"
2022,2,Córdoba,99.00,"11,971.00","160,486.00","120,485.00","71,923.00","28,645.00","6,194.00","13,426.00","1,026,435.00"
2022,2,Corrientes,67.00,"3,937.00","24,253.00","24,842.00","8,001.00","21,719.00","55,071.00","7,107.00","144,997.00"
2022,2,Entre Ríos,107.00,"5,656.00","48,637.00","48,557.00","18,512.00","32,355.00","98,769.00","16,759.00","269,352.00"
2022,2,Formosa,97.00,407.00,"23,834.00","19,706.00",633.00,591.00,"16,326.00",590.00,"67,881.00"
2022,2,Jujuy,58.00,"1,829.00","19,458.00","1,579.00","37,786.00",549.00,"37,391.00","2,453.00","115,314.00"
2022,2,La Pampa,68.00,"1,887.00","62,546.00","9,842.00",118.00,"5,247.00","17,125.00","3,012.00","111,527.00"
2022,2,La Rioja,18.00,728.00,"3,179.00",389.00,"23,814.00","5,481.00","4,892.00",0.00,"8,603.00"
2022,2,Mendoza,103.00,"2,954.00","44,961.00","22,557.00","64,138.00","19,543.00","121,366.00",394.00,"279,562.00"
2022,2,Misiones,51.00,"3,808.00","37,254.00","21,712.00","12,774.00","19,757.00","75,107.00",835.00,"178,813.00"
2022,2,Neuquén,134.00,999.00,"38,826.00","15,066.00","9,205.00","2,039.00","76,982.00","18,717.00","161,968.00"
2022,2,Río Negro,111.00,"1,227.00","33,364.00","17,938.00","27,168.00","13,714.00","41,972.00","2,427.00","159,764.00"
2022,2,Salta,114.00,153.00,"33,732.00","72,661.00","6,012.00","1,156.00","81,478.00","6,494.00","203,177.00"
2022,2,San Juan,24.00,"2,027.00","30,385.00","11,276.00","24,649.00","3,728.00","16,701.00","11,617.00","100,407.00"
2022,2,San Luis,60.00,306.00,684.00,"21,217.00","11,052.00","67,438.00",13.00,"14,815.00","121,741.00"
2022,2,Santa Cruz,52.00,"6,841.00","12,348.00","11,369.00","11,885.00","2,454.00","3,592.00",644.00,"49,185.00"
2022,2,Santa Fe,468.00,"11,757.00","138,534.00","204,381.00","74,133.00","58,114.00","373,888.00","17,584.00","878,859.00"
2022,2,Santiago Del Estero,178.00,"1,401.00","29,581.00","59,931.00","14,606.00",883.00,"10,672.00",792.00,"118,044.00"
2022,2,Tierra Del Fuego,22.00,831.00,"12,052.00","14,828.00","19,968.00","1,712.00","1,006.00","3,351.00","5,377.00"
2022,2,Tucumán,39.00,"2,195.00","34,461.00","43,513.00","23,634.00","4,863.00","145,541.00",281.00,"254,527.00"
2022,1,Buenos Aires,"31,591.00","30,056.00","313,382.00","321,756.00","290,127.00","161,183.00","3,381,049.00","2,628.00","4,555,424.00"
2022,1,Capital Federal,527.00,"5,575.00","39,918.00","7,739.00","61,053.00","43,289.00","1,188,072.00","1,717.00","1,417,541.00"
2022,1,Catamarca,71.00,456.00,"4,386.00","7,009.00","8,773.00","3,761.00","35,715.00","2,207.00","62,378.00"
2022,1,Chaco,461.00,"1,099.00","16,888.00","21,235.00","20,898.00","13,012.00","62,946.00",758.00,"144,119.00"
2022,1,Chubut,113.00,"1,677.00","61,369.00","31,856.00","3,308.00","13,871.00","14,055.00","15,607.00","171,628.00"
2022,1,Córdoba,100.00,"12,782.00","165,922.00","126,009.00","73,967.00","34,892.00","577,027.00","13,104.00","1,003,803.00"
2022,1,Corrientes,67.00,"4,029.00","24,563.00","25,665.00","27,077.00","10,452.00","43,631.00","7,094.00","142,578.00"
2022,1,Entre Ríos,107.00,"5,745.00","50,075.00","4,962.00","42,294.00","21,578.00","81,757.00","1,675.00","267,926.00"
2022,1,Formosa,97.00,448.00,"24,113.00","6,945.00","6,613.00",716.00,"15,028.00",588.00,"54,548.00"
2022,1,Jujuy,58.00,"1,761.00","22,141.00","16,321.00","37,923.00",576.00,"35,287.00","2,442.00","116,509.00"
2022,1,La Pampa,301.00,"2,223.00","62,812.00","9,869.00","12,044.00",525.00,144.00,"2,833.00","109,732.00"
2022,1,La Rioja,18.00,778.00,"3,576.00","4,692.00","23,624.00","5,645.00","4,597.00",0.00,"84,303.00"
2022,1,Mendoza,114.00,"3,355.00","5,123.00","26,407.00","74,178.00","21,566.00","95,048.00","3,287.00","275,185.00"
2022,1,Misiones,51.00,"3,873.00","35,655.00","22,261.00","26,855.00","15,854.00","5,861.00","8,349.00","171,508.00"
2022,1,Neuquén,137.00,"1,123.00","39,856.00","15,623.00","11,163.00","2,654.00","71,238.00","7,885.00","149,679.00"
2022,1,Río Negro,116.00,"1,383.00","35,565.00","18,859.00","26,926.00","14,144.00","37,729.00","22,652.00","157,374.00"
2022,1,Salta,114.00,"1,725.00","35,576.00","68,246.00","6,313.00","2,214.00","76,838.00","6,489.00","197,515.00"
2022,1,San Juan,26.00,"2,269.00","32,356.00","11,914.00","25,144.00","2,088.00","11,916.00","2,465.00","88,178.00"
2022,1,San Luis,61.00,643.00,"8,287.00","3,837.00","9,802.00","68,612.00",13.00,"28,589.00","119,844.00"
2022,1,Santa Cruz,51.00,"6,898.00","1,271.00","11,502.00","12,277.00","2,628.00","2,551.00",485.00,"49,102.00"
2022,1,Santa Fe,468.00,"12,435.00","143,796.00","208,361.00","84,787.00","58,018.00","34,417.00","18,444.00","870,479.00"
2022,1,Santiago Del Estero,178.00,"1,401.00","3,022.00","6,117.00","13,542.00",849.00,"8,309.00",792.00,"116,461.00"
2022,1,Tierra Del Fuego,24.00,894.00,"12,849.00","1,564.00","18,034.00","1,767.00",982.00,"2,421.00","52,611.00"
2022,1,Tucumán,39.00,"2,212.00","36,028.00","46,961.00","21,014.00","5,211.00","133,846.00",273.00,"245,584.00"
2021,4,Buenos Aires,"37,821.00","11,026.00","35,295.00","331,292.00","297,296.00","196,021.00","3,259,793.00","22,958.00","4,509,157.00"
2021,4,Capital Federal,563.00,"1,695.00","47,133.00","81,899.00","66,135.00","66,755.00","1,147,939.00",0.00,"1,412,119.00"
2021,4,Catamarca,71.00,0.00,"6,038.00","7,855.00","9,804.00","3,262.00","29,827.00","2,233.00","5,909.00"
2021,4,Chaco,461.00,112.00,"18,845.00","22,678.00","21,937.00","13,692.00","58,435.00","7,585.00","143,745.00"
2021,4,Chubut,126.00,"1,294.00","63,698.00","39,568.00","31,175.00",578.00,"2,904.00","15,763.00","160,308.00"
2021,4,Córdoba,100.00,"2,479.00","184,548.00","130,892.00","76,246.00","41,198.00","5,387.00","12,607.00","98,677.00"
2021,4,Corrientes,67.00,645.00,"2,883.00","26,368.00","22,922.00","10,087.00","39,911.00","7,082.00","135,912.00"
2021,4,Entre Ríos,107.00,"3,024.00","56,043.00","49,636.00","38,295.00","24,068.00","7,729.00","16,583.00","265,046.00"
2021,4,Formosa,84.00,0.00,"22,908.00","6,983.00","6,811.00","1,135.00","13,775.00","1,967.00","53,663.00"
2021,4,Jujuy,58.00,175.00,"22,446.00","16,793.00","38,134.00",564.00,"33,421.00","2,324.00","113,915.00"
2021,4,La Pampa,301.00,493.00,"6,484.00","9,082.00","12,259.00","4,821.00","12,184.00","3,027.00","107,007.00"
2021,4,La Rioja,18.00,1.00,"5,018.00","5,437.00","23,559.00","5,671.00","43,424.00",0.00,"83,128.00"
2021,4,Mendoza,156.00,"1,463.00","66,428.00","30,308.00","75,214.00","18,621.00","75,031.00",366.00,"267,587.00"
2021,4,Misiones,51.00,5.00,"41,916.00","23,554.00","26,721.00","15,954.00","54,596.00","8,335.00","171,132.00"
2021,4,Neuquén,140.00,940.00,"42,313.00","13,264.00","10,515.00",331.00,"69,217.00","7,767.00","147,466.00"
2021,4,Río Negro,156.00,"1,174.00","38,373.00","19,878.00","31,255.00",413.00,"36,142.00","22,645.00","153,753.00"
2021,4,Salta,114.00,20.00,"40,673.00","69,324.00","6,642.00","3,535.00","72,622.00","6,475.00","199,405.00"
2021,4,San Juan,44.00,"1,442.00","28,906.00","10,955.00","23,978.00",398.00,98.00,"4,435.00","79,958.00"
2021,4,San Luis,62.00,264.00,855.00,"4,276.00","9,107.00","67,363.00",9.00,"29,218.00","118,849.00"
2021,4,Santa Cruz,52.00,297.00,"20,305.00","11,641.00","13,054.00",177.00,876.00,491.00,"48,486.00"
2021,4,Santa Fe,467.00,581.00,"169,706.00","206,856.00","8,569.00","62,349.00","322,015.00","18,777.00","866,441.00"
2021,4,Santiago Del Estero,178.00,909.00,"31,915.00","61,524.00","12,205.00",800.00,"7,537.00",793.00,"115,861.00"
2021,4,Tierra Del Fuego,26.00,385.00,"13,505.00","16,534.00","16,562.00","1,748.00","1,017.00",258.00,"52,357.00"
2021,4,Tucumán,39.00,97.00,"37,321.00","48,736.00","21,023.00","5,326.00","125,857.00",240.00,"238,639.00"
2021,3,Buenos Aires,"37,193.00","31,149.00","1,108,940.00","248,153.00","141,383.00","192,797.00","2,482,266.00","9,728.00","4,251,609.00"
2021,3,Capital Federal,295.00,603.00,"156,978.00","67,013.00","39,785.00","73,502.00","1,075,229.00",0.00,"1,413,405.00"
2021,3,Catamarca,71.00,0.00,"6,755.00","8,428.00","10,517.00","1,659.00","26,618.00","2,206.00","56,254.00"
2021,3,Chaco,301.00,112.00,"22,545.00","20,986.00","23,852.00","14,412.00","49,705.00","7,958.00","139,871.00"
2021,3,Chubut,104.00,105.00,"89,168.00","26,281.00","18,538.00",532.00,"1,643.00","14,907.00","156,066.00"
2021,3,Córdoba,99.00,"2,452.00","204,989.00","141,285.00","6,505.00","47,198.00","476,459.00","9,256.00","946,788.00"
2021,3,Corrientes,67.00,645.00,"29,629.00","28,478.00","24,792.00","9,687.00","35,468.00","5,053.00","133,819.00"
2021,3,Entre Ríos,107.00,"3,024.00","61,354.00","59,776.00","39,114.00","16,284.00","67,961.00","12,755.00","260,375.00"
2021,3,Formosa,381.00,0.00,"22,778.00","7,142.00","6,978.00","1,192.00","12,707.00","1,617.00","52,795.00"
2021,3,Jujuy,48.00,175.00,"23,884.00","16,417.00","37,755.00",561.00,"29,917.00","2,401.00","111,158.00"
2021,3,La Pampa,298.00,313.00,"65,063.00","7,395.00","8,737.00","4,023.00","10,506.00","4,152.00","100,487.00"
2021,3,La Rioja,18.00,1.00,"5,366.00","5,979.00","23,315.00","4,868.00","42,613.00",0.00,"8,216.00"
2021,3,Mendoza,36.00,31.00,"151,871.00","1,264.00","62,628.00","7,596.00","21,087.00",50.00,"255,939.00"
2021,3,Misiones,51.00,5.00,"41,932.00","25,099.00","26,079.00","14,792.00","42,291.00","8,279.00","158,528.00"
2021,3,Neuquén,112.00,327.00,"57,441.00","8,566.00","6,234.00","3,631.00","57,919.00","5,579.00","139,809.00"
2021,3,Río Negro,125.00,557.00,"68,991.00",373.00,"1,488.00","2,282.00","34,011.00","20,009.00","144,585.00"
2021,3,Salta,101.00,20.00,"41,431.00","70,104.00","6,962.00","3,878.00","6,701.00","6,327.00","195,833.00"
2021,3,San Juan,18.00,333.00,"59,873.00",752.00,"1,325.00",338.00,278.00,"4,641.00","79,483.00"
2021,3,San Luis,60.00,0.00,"11,552.00","2,405.00","6,491.00","67,942.00",22.00,"29,392.00","117,864.00"
2021,3,Santa Cruz,50.00,0.00,"30,561.00","8,365.00","6,799.00","1,788.00",678.00,735.00,"48,976.00"
2021,3,Santa Fe,467.00,579.00,"193,207.00","20,125.00","83,941.00","5,508.00","290,793.00","16,267.00","841,584.00"
2021,3,Santiago Del Estero,123.00,909.00,"32,752.00","61,838.00","11,274.00",801.00,"6,863.00",898.00,"115,458.00"
2021,3,Tierra Del Fuego,17.00,0.00,"23,723.00","13,397.00","9,782.00","1,433.00",976.00,895.00,"50,223.00"
2021,3,Tucumán,32.00,97.00,"39,446.00","50,293.00","21,986.00",53.00,"115,154.00",164.00,"232,472.00"
2021,2,Buenos Aires,"37,192.00","31,178.00","1,096,049.00","244,001.00","140,322.00","236,897.00","2,337,604.00","9,108.00","4,132,351.00"
2021,2,Capital Federal,294.00,603.00,"157,558.00","73,568.00","43,859.00","86,655.00","1,037,752.00",66.00,"1,400,355.00"
2021,2,Catamarca,71.00,0.00,"7,219.00","9,091.00","6,828.00","4,941.00","25,388.00","2,206.00","55,744.00"
2021,2,Chaco,301.00,112.00,"23,444.00","21,574.00","24,032.00","16,069.00","47,239.00","7,958.00","140,729.00"
2021,2,Chubut,104.00,105.00,"89,639.00","22,605.00","16,604.00","3,896.00","1,112.00","5,172.00","139,237.00"
2021,2,Córdoba,99.00,"2,452.00","201,757.00","136,516.00","6,695.00","70,824.00","442,357.00","9,925.00","93,088.00"
2021,2,Corrientes,67.00,645.00,"29,419.00","27,037.00","24,524.00","10,059.00","32,697.00","5,053.00","129,501.00"
2021,2,Entre Ríos,107.00,"3,024.00","63,518.00","55,349.00","39,468.00","18,484.00","61,605.00","16,077.00","257,632.00"
2021,2,Formosa,381.00,0.00,"22,364.00",731.00,746.00,"1,341.00","11,077.00","1,618.00","51,551.00"
2021,2,Jujuy,48.00,175.00,"24,182.00","16,577.00","37,908.00",607.00,"2,995.00","2,401.00","111,848.00"
2021,2,La Pampa,298.00,554.00,"64,146.00","7,769.00","8,128.00","3,399.00","9,311.00","4,062.00","97,667.00"
2021,2,La Rioja,18.00,1.00,"5,312.00","5,971.00","23,298.00","4,825.00","42,158.00",19.00,"81,602.00"
2021,2,Mendoza,36.00,31.00,"137,462.00","10,886.00","56,117.00","4,403.00","20,686.00",50.00,"229,671.00"
2021,2,Misiones,51.00,5.00,"41,643.00","25,907.00","25,811.00","16,172.00","38,308.00","8,279.00","156,176.00"
2021,2,Neuquén,112.00,327.00,"57,713.00","8,631.00","5,871.00","5,943.00","54,008.00","5,645.00","13,825.00"
2021,2,Río Negro,125.00,557.00,"69,356.00","3,663.00","15,019.00","3,867.00","31,488.00","20,009.00","144,084.00"
2021,2,Salta,101.00,20.00,"42,543.00","67,012.00","7,099.00","9,654.00","58,882.00","6,328.00","191,639.00"
2021,2,San Juan,18.00,333.00,"59,989.00",784.00,"1,255.00",340.00,278.00,"4,641.00","78,933.00"
2021,2,San Luis,60.00,0.00,"11,752.00","2,703.00","5,418.00","65,946.00",22.00,"36,917.00","122,818.00"
2021,2,Santa Cruz,50.00,0.00,"30,595.00","8,463.00","6,888.00","1,575.00",676.00,735.00,"48,982.00"
2021,2,Santa Fe,467.00,896.00,"202,018.00","204,077.00","80,452.00","75,195.00","262,124.00","15,371.00","8,406.00"
2021,2,Santiago Del Estero,123.00,909.00,"32,034.00","62,224.00","10,359.00",811.00,"6,064.00","1,566.00","11,409.00"
2021,2,Tierra Del Fuego,17.00,0.00,"21,335.00","6,913.00",458.00,476.00,889.00,"1,483.00","35,693.00"
2021,2,Tucumán,32.00,97.00,"40,224.00","51,648.00","23,732.00","5,022.00","109,616.00",268.00,"233,051.00"
2021,1,Buenos Aires,"36,939.00","31,187.00","1,108,368.00","24,052.00","163,747.00","222,061.00","2,246,313.00","10,867.00","4,060,002.00"
2021,1,Capital Federal,135.00,244.00,"159,662.00","76,753.00","56,457.00","83,255.00","1,003,041.00",126.00,"1,379,673.00"
2021,1,Catamarca,71.00,0.00,"7,423.00","8,455.00","10,115.00",712.00,"22,996.00","2,196.00","51,968.00"
2021,1,Chaco,301.00,112.00,"24,357.00","22,102.00","27,556.00","14,496.00","42,462.00","8,384.00","13,977.00"
2021,1,Chubut,106.00,109.00,"86,986.00","21,401.00","15,392.00","2,844.00","1,112.00",439.00,"13,234.00"
2021,1,Córdoba,93.00,"2,386.00","211,799.00","135,092.00","74,659.00","71,984.00","402,191.00","12,677.00","910,881.00"
2021,1,Corrientes,67.00,527.00,"31,544.00","26,223.00","26,169.00","9,001.00","27,641.00","5,453.00","126,625.00"
2021,1,Entre Ríos,105.00,"2,911.00","67,255.00","5,606.00","42,432.00","15,774.00",546.00,"12,826.00","251,963.00"
2021,1,Formosa,56.00,0.00,"22,409.00","7,569.00","7,916.00","1,215.00","9,579.00","1,942.00","50,686.00"
2021,1,Jujuy,49.00,175.00,"23,735.00","17,293.00","40,649.00",568.00,"25,609.00","2,378.00","110,456.00"
2021,1,La Pampa,298.00,554.00,682.00,"7,864.00","7,611.00","2,786.00","7,368.00","2,424.00","97,105.00"
2021,1,La Rioja,18.00,1.00,"36,749.00","5,968.00","4,604.00",215.00,"5,074.00",-1.00,"52,628.00"
2021,1,Mendoza,28.00,40.00,"134,386.00","11,216.00","52,533.00","4,061.00","16,615.00",44.00,"218,923.00"
2021,1,Misiones,51.00,524.00,"40,949.00","25,503.00","27,101.00","1,405.00","32,953.00","8,256.00","149,387.00"
2021,1,Neuquén,116.00,327.00,"56,171.00","8,443.00","5,903.00","5,677.00","5,084.00","5,758.00","133,235.00"
2021,1,Río Negro,125.00,466.00,"70,011.00","4,187.00","13,045.00","3,642.00","29,589.00","20,103.00","141,168.00"
2021,1,Salta,109.00,20.00,"40,785.00","68,149.00","9,164.00","8,139.00","54,889.00","6,319.00","187,574.00"
2021,1,San Juan,25.00,194.00,"60,439.00",858.00,"11,494.00",340.00,276.00,"4,641.00","78,267.00"
2021,1,San Luis,58.00,0.00,"11,889.00","2,926.00","4,429.00","62,913.00",22.00,"36,917.00","119,154.00"
2021,1,Santa Cruz,50.00,0.00,"30,655.00","8,334.00","6,987.00","1,337.00",647.00,"-1,945.00","46,065.00"
2021,1,Santa Fe,518.00,891.00,"201,632.00","204,458.00","91,846.00","65,476.00","236,924.00","24,382.00","826,127.00"
2021,1,Santiago Del Estero,123.00,909.00,"33,884.00","58,464.00","8,549.00",700.00,"4,868.00","4,144.00","111,641.00"
2021,1,Tierra Del Fuego,17.00,0.00,"21,379.00","1,468.00","4,317.00",486.00,919.00,"11,836.00","40,422.00"
2021,1,Tucumán,29.00,97.00,"4,281.00","53,416.00","25,255.00","4,188.00","103,437.00",268.00,"231,912.00"
2020,4,Buenos Aires,"36,939.00","31,197.00","1,109,865.00","242,243.00","214,171.00","213,588.00","2,176,242.00","9,016.00","4,033,261.00"
2020,4,Capital Federal,135.00,244.00,"16,021.00","78,123.00","60,208.00","80,269.00","1,000,073.00",268.00,"1,379,530.00"
2020,4,Catamarca,71.00,0.00,"8,843.00",874.00,"11,436.00",591.00,"20,406.00","2,309.00","52,396.00"
2020,4,Chaco,301.00,112.00,"24,782.00","22,479.00","26,802.00","15,701.00","40,949.00","7,965.00","139,091.00"
2020,4,Chubut,106.00,109.00,"88,157.00","21,824.00","12,046.00","2,818.00","1,112.00","4,402.00","130,574.00"
2020,4,Córdoba,119.00,"2,386.00","214,963.00","135,262.00","82,221.00","70,013.00","384,169.00","13,568.00","902,701.00"
2020,4,Corrientes,67.00,527.00,319.00,"26,321.00","25,687.00","9,383.00","26,789.00","4,985.00","125,659.00"
2020,4,Entre Ríos,105.00,"2,911.00","65,659.00","53,556.00","40,755.00",166.00,"53,141.00","14,654.00","247,381.00"
2020,4,Formosa,56.00,0.00,"2,354.00","7,606.00","7,181.00","1,197.00","8,946.00",168.00,"50,206.00"
2020,4,Jujuy,49.00,182.00,"23,772.00","14,379.00","4,493.00",446.00,"19,282.00","2,811.00","105,851.00"
2020,4,La Pampa,298.00,554.00,"70,184.00","8,124.00","6,562.00","2,396.00","6,257.00",252.00,"96,895.00"
2020,4,La Rioja,18.00,1.00,"36,906.00",606.00,"4,633.00",181.00,"4,979.00",0.00,"52,778.00"
2020,4,Mendoza,28.00,40.00,"146,312.00","11,172.00","40,396.00","3,378.00","11,557.00",257.00,"215,453.00"
2020,4,Misiones,51.00,524.00,"39,988.00","26,078.00","26,445.00","1,481.00","32,264.00","7,001.00","147,161.00"
2020,4,Neuquén,116.00,327.00,"56,434.00","8,478.00","5,791.00","5,493.00","50,776.00",572.00,"133,135.00"
2020,4,Río Negro,125.00,466.00,"70,305.00","4,153.00","13,131.00","3,512.00","29,372.00","20,146.00","14,121.00"
2020,4,Salta,109.00,514.00,"41,443.00","68,829.00","15,188.00","8,291.00","46,697.00","6,319.00","18,739.00"
2020,4,San Juan,25.00,194.00,"61,316.00",740.00,"5,126.00",332.00,275.00,"4,588.00","72,596.00"
2020,4,San Luis,58.00,0.00,"1,402.00",349.00,"2,688.00","62,239.00",22.00,"36,918.00","119,435.00"
2020,4,Santa Cruz,47.00,0.00,"27,173.00","4,382.00","6,634.00","1,033.00",647.00,758.00,"40,674.00"
2020,4,Santa Fe,518.00,891.00,"206,372.00","203,793.00","94,246.00","65,145.00","226,246.00","23,602.00","820,813.00"
2020,4,Santiago Del Estero,123.00,909.00,"34,518.00","5,759.00","4,666.00",411.00,452.00,"3,932.00","106,669.00"
2020,4,Tierra Del Fuego,17.00,0.00,"21,881.00","6,119.00","3,497.00",488.00,922.00,669.00,"39,614.00"
2020,4,Tucumán,29.00,97.00,"44,095.00","54,334.00","32,155.00","4,105.00","93,594.00",268.00,"231,089.00"
2020,3,Buenos Aires,"37,542.00","31,514.00","1,113,823.00","23,471.00","219,772.00","194,248.00","2,085,815.00","19,853.00","3,937,277.00"
2020,3,Capital Federal,264.00,312.00,"162,222.00","85,083.00","68,753.00","78,028.00","977,766.00",247.00,"1,372,675.00"
2020,3,Catamarca,63.00,0.00,"8,276.00","8,768.00","11,195.00",562.00,"18,886.00","2,154.00","49,904.00"
2020,3,Chaco,308.00,112.00,"24,675.00","21,639.00","27,546.00","13,751.00","38,729.00","7,194.00","133,954.00"
2020,3,Chubut,158.00,109.00,"87,559.00","22,114.00","12,217.00","2,818.00",111.00,"3,942.00","130,027.00"
2020,3,Córdoba,168.00,"3,064.00","218,599.00","124,833.00","84,236.00","63,823.00","361,021.00","11,728.00","867,472.00"
2020,3,Corrientes,72.00,527.00,"3,519.00","23,315.00","25,308.00","8,615.00","25,344.00",502.00,"123,391.00"
2020,3,Entre Ríos,130.00,"2,911.00","66,648.00","51,478.00","40,797.00","14,377.00","49,395.00","15,759.00","241,495.00"
2020,3,Formosa,391.00,151.00,"23,163.00","7,432.00","7,125.00",991.00,"8,219.00","1,737.00","49,209.00"
2020,3,Jujuy,55.00,182.00,"32,131.00","10,566.00","45,198.00",293.00,"15,238.00","3,065.00","106,728.00"
2020,3,La Pampa,293.00,810.00,"66,695.00",782.00,"5,577.00","2,189.00","6,322.00","4,029.00","93,735.00"
2020,3,La Rioja,21.00,1.00,"37,105.00","5,955.00",466.00,124.00,"4,748.00",2.00,"52,616.00"
2020,3,Mendoza,58.00,40.00,"141,404.00","12,123.00","42,433.00","3,448.00","8,237.00",45.00,"207,788.00"
2020,3,Misiones,71.00,524.00,"39,005.00","24,215.00","25,942.00","13,663.00","30,987.00","8,779.00","143,186.00"
2020,3,Neuquén,218.00,327.00,"60,463.00","6,561.00","5,975.00","5,449.00","49,439.00",803.00,"129,235.00"
2020,3,Río Negro,114.00,466.00,"68,986.00","3,769.00","7,096.00","3,455.00","28,488.00","19,093.00","131,467.00"
2020,3,Salta,129.00,514.00,"3,278.00","64,736.00","1,599.00","7,928.00","43,773.00","14,996.00","180,846.00"
2020,3,San Juan,48.00,194.00,"65,526.00",711.00,"6,529.00",41.00,128.00,415.00,"77,327.00"
2020,3,San Luis,105.00,0.00,"12,199.00","3,351.00","2,666.00","61,319.00",8.00,"36,917.00","116,565.00"
2020,3,Santa Cruz,66.00,0.00,"26,888.00","4,015.00",673.00,629.00,120.00,833.00,"39,281.00"
2020,3,Santa Fe,568.00,"1,241.00","213,353.00","199,381.00","92,095.00","58,797.00","210,562.00","27,001.00","802,998.00"
2020,3,Santiago Del Estero,133.00,909.00,"33,287.00","57,418.00","4,658.00",292.00,"3,994.00","4,801.00","105,492.00"
2020,3,Tierra Del Fuego,11.00,0.00,"22,094.00","5,414.00","3,726.00",481.00,937.00,"6,992.00","39,655.00"
2020,3,Tucumán,52.00,97.00,"45,913.00","5,461.00","33,126.00","3,246.00","84,195.00","2,637.00","223,876.00"
2020,2,Buenos Aires,"37,542.00","31,606.00","1,129,236.00","241,336.00","233,132.00","188,995.00","1,894,466.00","21,233.00","3,777,546.00"
2020,2,Capital Federal,264.00,312.00,"166,474.00","94,585.00","79,858.00","8,016.00","935,481.00",687.00,"1,357,821.00"
2020,2,Catamarca,63.00,0.00,"8,801.00",869.00,"10,242.00",426.00,"16,578.00","3,176.00","47,976.00"
2020,2,Chaco,308.00,928.00,"2,435.00","2,114.00","29,044.00","12,082.00","33,311.00","6,969.00","128,132.00"
2020,2,Chubut,158.00,109.00,"69,578.00","22,188.00","10,537.00","1,473.00",614.00,"3,999.00","108,656.00"
2020,2,Córdoba,168.00,"4,383.00","219,025.00","125,932.00","8,953.00","63,216.00","325,243.00","8,971.00","836,468.00"
2020,2,Corrientes,72.00,527.00,"34,242.00","22,845.00","25,844.00","7,898.00","22,418.00",502.00,"118,866.00"
2020,2,Entre Ríos,130.00,"3,679.00","66,758.00","5,064.00","4,209.00","12,856.00","43,391.00","14,569.00","234,113.00"
2020,2,Formosa,391.00,151.00,"23,534.00","7,109.00","6,998.00",961.00,"7,475.00","1,313.00","47,932.00"
2020,2,Jujuy,55.00,182.00,"30,548.00","10,519.00","26,829.00",209.00,"9,417.00","16,557.00","94,316.00"
2020,2,La Pampa,293.00,810.00,"71,218.00","7,531.00",38.00,"1,657.00","3,377.00","1,123.00","89,809.00"
2020,2,La Rioja,21.00,1.00,"37,375.00","5,661.00","4,686.00",73.00,"4,336.00",2.00,"52,155.00"
2020,2,Mendoza,58.00,40.00,"142,253.00","12,439.00","35,274.00","3,248.00","5,422.00",245.00,"201,184.00"
2020,2,Misiones,71.00,524.00,"39,867.00","23,719.00","26,445.00","12,305.00","28,763.00","8,646.00","14,034.00"
2020,2,Neuquén,218.00,327.00,"61,171.00","6,103.00","6,625.00","5,296.00","46,432.00",0.00,"126,172.00"
2020,2,Río Negro,114.00,466.00,"70,817.00","3,335.00","7,498.00","3,246.00","26,953.00","17,057.00","129,486.00"
2020,2,Salta,129.00,514.00,"41,801.00","64,463.00","16,989.00","7,741.00","39,594.00","6,531.00","177,762.00"
2020,2,San Juan,48.00,194.00,"59,113.00",917.00,"4,908.00",40.00,127.00,443.00,"69,777.00"
2020,2,San Luis,105.00,0.00,"11,439.00","3,585.00","1,934.00","60,889.00",8.00,"35,992.00","113,952.00"
2020,2,Santa Cruz,66.00,0.00,"26,938.00","4,166.00","6,541.00",546.00,119.00,493.00,"38,869.00"
2020,2,Santa Fe,568.00,"2,061.00","213,054.00","198,772.00","96,575.00","57,236.00","189,473.00","20,193.00","777,932.00"
2020,2,Santiago Del Estero,133.00,"1,779.00","32,557.00","57,709.00","5,178.00",247.00,"3,328.00","4,516.00","105,447.00"
2020,2,Tierra Del Fuego,11.00,0.00,"22,325.00","5,186.00","3,034.00",391.00,796.00,"7,446.00","39,189.00"
2020,2,Tucumán,52.00,97.00,"49,028.00","54,537.00","34,184.00","2,246.00","74,377.00","2,635.00","217,156.00"
2020,1,Buenos Aires,"38,215.00","36,802.00","1,122,034.00","236,421.00","247,977.00","20,578.00","1,802,583.00","28,935.00","3,718,747.00"
2020,1,Capital Federal,264.00,312.00,"169,651.00","102,254.00","89,665.00","85,899.00","906,009.00",0.00,"1,354,054.00"
2020,1,Catamarca,63.00,0.00,"8,838.00","7,543.00","9,558.00",408.00,"10,299.00","2,151.00","3,886.00"
2020,1,Chaco,308.00,928.00,"23,291.00","19,976.00","29,851.00","10,416.00","28,539.00","6,917.00","120,226.00"
2020,1,Chubut,158.00,109.00,"69,586.00","12,957.00","7,756.00",124.00,614.00,45.00,"9,692.00"
2020,1,Córdoba,142.00,"5,128.00","217,229.00","120,188.00","95,827.00","65,733.00","296,875.00","9,802.00","810,924.00"
2020,1,Corrientes,72.00,527.00,"33,479.00","21,382.00","26,679.00","7,351.00","19,467.00",478.00,"113,737.00"
2020,1,Entre Ríos,130.00,"4,081.00","7,228.00","47,132.00","41,125.00","11,988.00","39,794.00","13,762.00","230,292.00"
2020,1,Formosa,"1,127.00",342.00,"23,761.00",65.00,"6,564.00",964.00,"6,918.00",100.00,"46,276.00"
2020,1,Jujuy,55.00,182.00,"3,312.00","9,979.00","26,693.00",166.00,"7,349.00","16,545.00","94,089.00"
2020,1,La Pampa,293.00,811.00,"7,274.00","7,199.00","3,029.00","1,342.00","2,113.00","1,618.00","89,145.00"
2020,1,La Rioja,21.00,1.00,"37,209.00","5,158.00",464.00,22.00,"1,294.00",0.00,"48,345.00"
2020,1,Mendoza,58.00,40.00,"14,041.00","12,285.00","17,489.00",286.00,"3,818.00",0.00,"17,696.00"
2020,1,Misiones,71.00,524.00,"36,622.00","21,271.00","26,433.00","11,581.00","26,313.00","10,885.00","1,337.00"
2020,1,Neuquén,218.00,327.00,"60,152.00","5,257.00","7,123.00","5,399.00","43,738.00",0.00,"122,214.00"
2020,1,Río Negro,114.00,466.00,"69,154.00",293.00,"7,857.00","3,199.00","25,488.00","17,719.00","126,927.00"
2020,1,Salta,129.00,514.00,"38,537.00","63,714.00","17,991.00","8,625.00","34,744.00","6,441.00","170,695.00"
2020,1,San Juan,48.00,194.00,"59,787.00","1,594.00","1,292.00",40.00,127.00,"4,779.00","67,861.00"
2020,1,San Luis,105.00,0.00,"11,322.00","4,164.00",525.00,"58,258.00",5.00,"36,075.00","110,454.00"
2020,1,Santa Cruz,67.00,11.00,"27,447.00","4,993.00","5,169.00",529.00,119.00,0.00,"38,335.00"
2020,1,Santa Fe,696.00,"2,994.00","217,553.00","196,826.00","10,456.00","48,448.00","173,823.00","17,656.00","762,556.00"
2020,1,Santiago Del Estero,133.00,"1,779.00","33,086.00","56,884.00","3,737.00",135.00,"2,799.00","4,501.00","103,054.00"
2020,1,Tierra Del Fuego,11.00,1.00,"22,976.00","5,024.00","1,834.00",196.00,518.00,"7,046.00","37,606.00"
2020,1,Tucumán,52.00,97.00,"49,555.00","50,383.00","31,096.00",173.00,"67,536.00",0.00,"200,449.00"
2019,4,Buenos Aires,"33,489.00","27,537.00","1,177,446.00","262,297.00","247,106.00","45,257.00","1,465,133.00","20,676.00","3,686,254.00"
2019,4,Capital Federal,307.00,15.00,"177,098.00","110,218.00","110,852.00","20,581.00","753,805.00",0.00,"1,358,105.00"
2019,4,Catamarca,63.00,0.00,"9,945.00","7,619.00","9,305.00",804.00,"7,477.00","3,098.00","38,311.00"
2019,4,Chaco,83.00,0.00,"25,899.00","18,959.00","30,902.00","13,516.00","21,556.00","6,988.00","117,903.00"
2019,4,Chubut,158.00,4.00,"69,405.00","12,945.00","7,615.00",124.00,614.00,"4,121.00","96,102.00"
2019,4,Córdoba,142.00,0.00,"232,781.00","118,232.00","10,933.00","114,111.00","221,742.00","1,035.00","806,688.00"
2019,4,Corrientes,72.00,0.00,"35,055.00","2,062.00","27,367.00","9,981.00","15,744.00","4,995.00","113,834.00"
2019,4,Entre Ríos,47.00,0.00,"88,203.00","44,511.00","42,962.00","18,976.00","30,153.00","14,178.00","23,903.00"
2019,4,Formosa,"1,127.00",191.00,"24,606.00","6,319.00","6,788.00","1,766.00","5,671.00",243.00,"46,711.00"
2019,4,Jujuy,55.00,0.00,"3,292.00","9,632.00","26,764.00",102.00,"5,286.00","14,122.00","88,881.00"
2019,4,La Pampa,293.00,313.00,"76,747.00",69.00,"1,951.00","1,287.00","1,342.00","1,566.00","90,399.00"
2019,4,La Rioja,21.00,0.00,"37,846.00","5,045.00","4,763.00",22.00,"1,305.00",0.00,"49,002.00"
2019,4,Mendoza,746.00,9.00,"145,139.00","12,955.00","15,237.00","2,165.00","2,628.00","6,901.00","18,578.00"
2019,4,Misiones,71.00,0.00,"39,664.00","2,084.00","27,305.00","15,626.00","20,799.00","11,508.00","135,813.00"
2019,4,Neuquén,218.00,1.00,"5,737.00","4,439.00","7,357.00","12,059.00","35,001.00",0.00,"116,445.00"
2019,4,Río Negro,114.00,0.00,"71,847.00","2,797.00","8,558.00","6,968.00","19,837.00","17,019.00","12,714.00"
2019,4,Salta,149.00,1.00,"42,159.00","67,656.00","15,369.00","1,417.00","25,821.00",712.00,"172,445.00"
2019,4,San Juan,48.00,1.00,"60,626.00","1,594.00","1,292.00",40.00,127.00,"1,246.00","64,974.00"
2019,4,San Luis,105.00,0.00,"11,901.00","4,164.00",525.00,"55,216.00",3.00,"36,287.00","108,201.00"
2019,4,Santa Cruz,67.00,0.00,"32,368.00","4,346.00","2,224.00",7.00,8.00,350.00,"3,937.00"
2019,4,Santa Fe,698.00,0.00,"230,234.00","190,664.00","113,527.00","70,998.00","135,576.00","27,472.00","769,169.00"
2019,4,Santiago Del Estero,133.00,908.00,"34,911.00","56,309.00","3,756.00",105.00,"2,449.00","5,017.00","103,588.00"
2019,4,Tierra Del Fuego,11.00,0.00,"23,593.00",505.00,"1,848.00",139.00,"1,962.00","7,789.00","40,392.00"
2019,4,Tucumán,55.00,0.00,"54,544.00","52,017.00","28,916.00","6,405.00","56,707.00",0.00,"198,644.00"
2019,3,Buenos Aires,"23,892.00","44,648.00","1,432,722.00","222,812.00","260,506.00","483,572.00","1,246,209.00","42,294.00","3,971,683.00"
2019,3,Capital Federal,104.00,368.00,"269,704.00","120,924.00","138,011.00","258,591.00","655,108.00",0.00,"1,442,810.00"
2019,3,Catamarca,34.00,43.00,"14,449.00","9,285.00","6,333.00",72.00,15.00,"2,151.00","32,382.00"
2019,3,Chaco,69.00,"1,216.00","32,764.00","28,198.00","13,336.00","12,987.00","1,674.00","6,917.00","112,227.00"
2019,3,Chubut,74.00,840.00,"6,268.00","13,033.00","7,171.00",124.00,614.00,45.00,"90,152.00"
2019,3,Córdoba,83.00,"5,824.00","240,151.00","106,651.00","118,486.00","146,247.00","157,546.00","7,353.00","782,341.00"
2019,3,Corrientes,10.00,597.00,"42,231.00","29,628.00","10,348.00","10,388.00","12,674.00",478.00,"110,656.00"
2019,3,Entre Ríos,19.00,"4,446.00","99,656.00","56,161.00","17,064.00","21,216.00","22,645.00","15,107.00","236,314.00"
2019,3,Formosa,111.00,349.00,"24,943.00","6,049.00","7,117.00","2,262.00","4,443.00",100.00,"46,373.00"
2019,3,Jujuy,27.00,885.00,"31,722.00",924.00,"26,835.00",56.00,"3,671.00","16,545.00","88,981.00"
2019,3,La Pampa,237.00,"3,289.00","75,849.00","5,922.00","1,611.00","1,359.00",941.00,"1,618.00","90,826.00"
2019,3,La Rioja,9.00,10.00,"38,657.00","4,786.00","4,887.00",22.00,"1,307.00",0.00,"49,678.00"
2019,3,Mendoza,21.00,"1,269.00","206,821.00","2,958.00","10,093.00","1,263.00",349.00,0.00,"222,774.00"
2019,3,Misiones,47.00,"1,928.00","4,353.00","29,375.00","11,256.00","16,107.00","1,665.00","12,206.00","131,099.00"
2019,3,Neuquén,45.00,"2,258.00","62,909.00","4,586.00","9,597.00","16,923.00","28,458.00",122.00,"124,898.00"
2019,3,Río Negro,47.00,"1,234.00","87,435.00","2,348.00","9,779.00","10,176.00","15,505.00","17,719.00","144,243.00"
2019,3,Salta,49.00,900.00,"4,316.00","6,223.00","14,309.00","11,418.00","12,357.00","7,515.00","151,938.00"
2019,3,San Juan,22.00,171.00,"68,315.00","2,245.00","1,267.00",41.00,128.00,"4,779.00","76,968.00"
2019,3,San Luis,57.00,100.00,"18,643.00","5,113.00",467.00,"62,242.00",5.00,"36,075.00","122,702.00"
2019,3,Santa Cruz,28.00,84.00,"31,612.00","4,472.00","1,203.00",27.00,4.00,0.00,"3,743.00"
2019,3,Santa Fe,640.00,"8,184.00","242,454.00","193,286.00","107,068.00","84,325.00","97,082.00","19,537.00","752,576.00"
2019,3,Santiago Del Estero,39.00,"1,832.00","35,554.00","55,172.00","3,612.00",86.00,"1,836.00","34,501.00","132,632.00"
2019,3,Tierra Del Fuego,6.00,14.00,"32,133.00","4,692.00","1,756.00",82.00,226.00,"9,648.00","48,557.00"
2019,3,Tucumán,16.00,110.00,"71,043.00","47,693.00","24,354.00",843.00,"20,385.00",0.00,"164,444.00"
2019,2,Buenos Aires,"199,768.00","46,852.00","1,436,259.00","217,785.00","438,663.00","502,275.00","985,767.00","43,438.00","3,870,807.00"
2019,2,Capital Federal,74.00,"1,027.00","28,137.00","124,087.00","239,691.00","296,155.00","475,991.00",,"1,418,395.00"
2019,2,Catamarca,34.00,43.00,"16,631.00",867.00,"6,049.00",34.00,10.00,"2,151.00","33,622.00"
2019,2,Chaco,69.00,"1,383.00","38,488.00","26,431.00","16,789.00","15,348.00","9,904.00","1,492.00","109,904.00"
2019,2,Chubut,66.00,"3,952.00","69,032.00","10,049.00","1,495.00",74.00,165.00,45.00,"89,333.00"
2019,2,Córdoba,81.00,"8,165.00","248,427.00","100,512.00","157,458.00","170,159.00","76,053.00","8,938.00","769,793.00"
2019,2,Corrientes,10.00,"3,012.00","40,424.00","27,774.00","13,114.00","11,928.00","7,119.00",608.00,"109,461.00"
2019,2,Entre Ríos,18.00,"5,905.00","100,687.00","52,316.00","23,196.00","24,221.00","10,664.00","17,206.00","234,213.00"
2019,2,Formosa,111.00,349.00,"26,512.00","5,399.00","8,384.00","2,639.00","2,258.00",100.00,"46,751.00"
2019,2,Jujuy,27.00,940.00,"26,233.00","8,441.00",267.00,27.00,26.00,"21,765.00","86,733.00"
2019,2,La Pampa,236.00,"3,289.00","75,406.00","5,191.00","1,366.00","1,445.00",629.00,"2,661.00","90,223.00"
2019,2,La Rioja,9.00,11.00,"39,819.00","4,297.00","4,857.00",13.00,"1,298.00",,"50,304.00"
2019,2,Mendoza,20.00,"2,522.00","205,165.00","2,971.00","10,092.00","1,256.00",234.00,,"22,226.00"
2019,2,Misiones,47.00,"2,226.00","45,769.00","27,385.00","15,408.00","18,882.00","8,129.00","12,206.00","130,052.00"
2019,2,Neuquén,302.00,"3,038.00","61,776.00","4,688.00","17,318.00","2,121.00","14,132.00",422.00,"122,886.00"
2019,2,Río Negro,384.00,"1,354.00","86,366.00","2,201.00","10,291.00","12,407.00","6,907.00","18,519.00","138,429.00"
2019,2,Salta,49.00,974.00,"59,638.00","36,923.00","16,961.00","14,059.00","6,461.00","7,585.00","14,265.00"
2019,2,San Juan,22.00,213.00,"60,913.00","2,177.00",785.00,7.00,4.00,"6,119.00","7,024.00"
2019,2,San Luis,57.00,102.00,"16,575.00","4,964.00",467.00,"57,236.00",5.00,"37,977.00","117,383.00"
2019,2,Santa Cruz,25.00,84.00,"24,861.00","3,806.00","1,202.00",28.00,4.00,,"3,001.00"
2019,2,Santa Fe,321.00,"8,427.00","300,124.00","125,176.00","129,741.00","100,131.00","49,865.00","22,323.00","736,108.00"
2019,2,Santiago Del Estero,39.00,"1,832.00","63,268.00","21,362.00","3,741.00",108.00,"1,205.00","34,501.00","126,056.00"
2019,2,Tierra Del Fuego,6.00,123.00,"41,824.00","4,241.00","1,573.00",96.00,32.00,,"47,895.00"
2019,2,Tucumán,16.00,157.00,"78,891.00","44,296.00","24,291.00",628.00,"18,394.00",,"166,673.00"
2019,1,Buenos Aires,"162,513.00","72,296.00","1,429,964.00","202,511.00","576,428.00","576,859.00","705,769.00","6,369.00","3,732,709.00"
2019,1,Capital Federal,74.00,"7,417.00","283,787.00","131,007.00","330,122.00","365,713.00","283,463.00",0.00,"1,401,583.00"
2019,1,Catamarca,34.00,"1,708.00","18,761.00","6,443.00","5,606.00",29.00,7.00,"2,151.00","34,739.00"
2019,1,Chaco,69.00,"3,801.00","38,719.00","25,632.00","18,965.00","12,393.00","6,368.00","1,035.00","106,982.00"
2019,1,Chubut,66.00,"3,938.00","71,077.00","6,571.00",787.00,74.00,165.00,0.00,"82,678.00"
2019,1,Córdoba,81.00,"20,403.00","242,769.00","96,997.00","200,681.00","127,965.00","50,716.00","6,806.00","746,418.00"
2019,1,Corrientes,10.00,647.00,"38,402.00","26,562.00","15,498.00","9,688.00","5,029.00",0.00,"101,659.00"
2019,1,Entre Ríos,18.00,"9,217.00","107,013.00","50,068.00","28,957.00","18,146.00","7,619.00","12,142.00","23,318.00"
2019,1,Formosa,111.00,"3,023.00","23,085.00","5,301.00","9,027.00","2,099.00","1,654.00",0.00,"45,299.00"
2019,1,Jujuy,27.00,"2,817.00","30,727.00","7,811.00","4,021.00",30.00,"1,141.00","37,162.00","83,736.00"
2019,1,La Pampa,236.00,"8,327.00","70,538.00","4,466.00","1,061.00","1,354.00",405.00,698.00,"87,085.00"
2019,1,La Rioja,9.00,"1,169.00","40,285.00","4,088.00","5,216.00",17.00,869.00,0.00,"51,653.00"
2019,1,Mendoza,20.00,"1,786.00","205,383.00","2,837.00","5,702.00",111.00,140.00,0.00,"215,979.00"
2019,1,Misiones,47.00,"5,946.00","45,266.00","2,589.00","19,111.00","16,552.00","5,167.00","7,654.00","125,633.00"
2019,1,Neuquén,"1,328.00","3,055.00","5,236.00","1,781.00","21,452.00","17,135.00","11,026.00","6,105.00","114,242.00"
2019,1,Río Negro,384.00,"1,583.00","84,845.00","2,037.00","13,615.00","9,567.00","5,076.00","3,719.00","120,826.00"
2019,1,Salta,49.00,"4,232.00","59,244.00","36,473.00","2,291.00","10,861.00","2,242.00",1.00,"136,012.00"
2019,1,San Juan,22.00,229.00,"6,238.00",266.00,520.00,3.00,2.00,560.00,"63,982.00"
2019,1,San Luis,57.00,120.00,"2,138.00","53,214.00",345.00,6.00,2.00,"23,577.00","98,701.00"
2019,1,Santa Cruz,25.00,128.00,"2,199.00","2,731.00",702.00,26.00,4.00,0.00,"25,606.00"
2019,1,Santa Fe,333.00,"2,935.00","296,798.00","122,959.00","153,212.00","74,575.00","36,502.00","18,591.00","73,232.00"
2019,1,Santiago Del Estero,39.00,"3,372.00","62,895.00","20,691.00","3,959.00",85.00,494.00,0.00,"91,535.00"
2019,1,Tierra Del Fuego,6.00,131.00,"38,851.00","3,623.00",641.00,80.00,29.00,0.00,"43,361.00"
2019,1,Tucumán,16.00,"5,188.00","8,224.00","42,877.00","2,621.00",847.00,"14,839.00",0.00,"172,217.00"
2018,4,Buenos Aires,"134,673.00","73,761.00","1,422,463.00","194,426.00","577,679.00","949,093.00","265,386.00","19,125.00","3,636,606.00"
2018,4,Capital Federal,74.00,"7,388.00","283,281.00","143,309.00","330,496.00","437,662.00","18,681.00",0.00,"1,389,020.00"
2018,4,Catamarca,34.00,"1,669.00","17,955.00","6,425.00","5,461.00",29.00,7.00,"2,003.00","33,583.00"
2018,4,Chaco,69.00,"3,405.00","36,437.00","25,633.00","18,965.00","12,393.00","6,368.00",0.00,"10,327.00"
2018,4,Chubut,66.00,"3,917.00","66,061.00","6,215.00",531.00,623.00,165.00,"1,144.00","78,722.00"
2018,4,Córdoba,81.00,"24,102.00","228,475.00","97,277.00","201,639.00","128,053.00","48,809.00","8,903.00","737,339.00"
2018,4,Corrientes,10.00,"6,438.00","37,376.00","26,562.00","15,498.00","9,688.00","5,029.00",0.00,"100,601.00"
2018,4,Entre Ríos,18.00,"8,769.00","9,478.00","50,027.00","29,002.00","18,146.00","7,612.00","13,693.00","222,047.00"
2018,4,Formosa,111.00,"3,074.00","22,962.00","5,285.00","9,027.00","2,092.00","1,654.00",0.00,"45,204.00"
2018,4,Jujuy,27.00,"2,803.00","30,727.00","7,811.00","4,021.00",30.00,"1,141.00","43,573.00","90,133.00"
2018,4,La Pampa,241.00,"7,727.00","70,508.00","3,661.00",978.00,"1,328.00",270.00,923.00,"85,636.00"
2018,4,La Rioja,9.00,"1,164.00","40,285.00","4,088.00","5,216.00",17.00,869.00,3.00,"51,651.00"
2018,4,Mendoza,20.00,"1,463.00","19,745.00","2,494.00","4,726.00",19.00,132.00,0.00,"206,304.00"
2018,4,Misiones,47.00,"5,981.00","43,267.00","26,019.00","19,226.00","16,566.00","5,167.00",0.00,"116,273.00"
2018,4,Neuquén,"1,328.00","3,044.00","52,313.00","1,781.00","21,452.00","17,135.00","11,025.00","6,287.00","114,365.00"
2018,4,Río Negro,384.00,"1,225.00","83,412.00",643.00,"1,344.00","9,569.00",507.00,"3,094.00","116,837.00"
2018,4,Salta,49.00,"3,659.00","58,492.00","36,365.00","2,291.00","10,861.00","2,242.00",0.00,"134,578.00"
2018,4,San Juan,22.00,"1,465.00","59,811.00",180.00,312.00,1.00,1.00,606.00,"62,398.00"
2018,4,San Luis,57.00,109.00,"19,164.00","53,183.00",119.00,62.00,2.00,"23,635.00","96,331.00"
2018,4,Santa Cruz,25.00,115.00,"23,107.00",779.00,206.00,1.00,4.00,531.00,"24,768.00"
2018,4,Santa Fe,335.00,"31,397.00","276,301.00","121,009.00","152,039.00","74,432.00","36,427.00","2,845.00","72,039.00"
2018,4,Santiago Del Estero,39.00,325.00,"61,347.00","20,127.00","3,686.00",77.00,483.00,326.00,"89,335.00"
2018,4,Tierra Del Fuego,6.00,27.00,"29,919.00","6,323.00","9,894.00",24.00,67.00,0.00,"4,626.00"
2018,4,Tucumán,16.00,"5,244.00","82,089.00","42,766.00","26,111.00",847.00,"14,839.00",92.00,"172,004.00"
2018,3,Buenos Aires,991.00,"80,459.00","1,445,733.00","190,805.00","63,609.00","897,964.00","237,248.00","120,464.00","3,609,754.00"
2018,3,Capital Federal,73.00,"8,493.00","287,919.00","147,253.00","370,677.00","41,502.00","165,055.00",0.00,"1,394,490.00"
2018,3,Catamarca,34.00,"1,994.00","18,475.00","6,358.00",532.00,34.00,7.00,"2,151.00","34,373.00"
2018,3,Chaco,70.00,"3,503.00","38,729.00","24,916.00","20,335.00","11,085.00","5,667.00","1,035.00","10,534.00"
2018,3,Chubut,67.00,"3,951.00","91,096.00","6,162.00",531.00,623.00,164.00,0.00,"102,594.00"
2018,3,Córdoba,81.00,"24,767.00","224,471.00","96,372.00","221,984.00","109,333.00","39,854.00",649.00,"723,352.00"
2018,3,Corrientes,11.00,"6,754.00","38,364.00","24,953.00","16,601.00","8,357.00","4,419.00",0.00,"99,459.00"
2018,3,Entre Ríos,18.00,"9,048.00","96,095.00","45,651.00","31,353.00","15,111.00","6,786.00",0.00,"204,062.00"
2018,3,Formosa,111.00,"3,365.00","22,624.00","5,259.00","9,336.00","1,729.00","1,434.00",0.00,"44,857.00"
2018,3,Jujuy,345.00,302.00,"29,048.00","7,756.00","4,066.00",39.00,623.00,0.00,"44,897.00"
2018,3,La Pampa,242.00,"8,417.00","68,507.00","3,153.00",920.00,"1,189.00",216.00,698.00,"83,342.00"
2018,3,La Rioja,9.00,"1,291.00","40,647.00","4,138.00","5,425.00",20.00,339.00,0.00,"51,869.00"
2018,3,Mendoza,20.00,"1,525.00","199,297.00","2,476.00","4,727.00",27.00,129.00,0.00,"208,201.00"
2018,3,Misiones,48.00,"5,749.00","39,617.00","24,747.00","21,212.00","14,674.00","4,547.00",0.00,"110,594.00"
2018,3,Neuquén,"1,396.00","2,244.00","55,822.00","1,647.00","23,785.00","15,218.00","9,718.00","6,105.00","115,935.00"
2018,3,Río Negro,409.00,"5,221.00","75,929.00",512.00,"14,912.00",847.00,"4,332.00","3,719.00","113,504.00"
2018,3,Salta,116.00,"3,721.00","61,795.00","32,782.00","25,582.00","9,224.00",502.00,0.00,"133,722.00"
2018,3,San Juan,22.00,"1,326.00","62,525.00",180.00,312.00,3.00,1.00,0.00,"64,369.00"
2018,3,San Luis,57.00,109.00,"1,917.00","5,294.00",119.00,63.00,2.00,"1,902.00","74,362.00"
2018,3,Santa Cruz,26.00,116.00,"32,815.00",778.00,206.00,1.00,3.00,0.00,"33,945.00"
2018,3,Santa Fe,467.00,"36,786.00","269,211.00","115,907.00","162,545.00","62,479.00","31,266.00","13,911.00","692,572.00"
2018,3,Santiago Del Estero,41.00,255.00,"6,026.00","19,116.00","3,806.00",64.00,265.00,0.00,"86,102.00"
2018,3,Tierra Del Fuego,6.00,187.00,"41,569.00",227.00,231.00,24.00,13.00,0.00,443.00
2018,3,Tucumán,16.00,"5,993.00","81,559.00","43,282.00","27,062.00",941.00,"12,187.00",0.00,"17,104.00"
2018,2,Buenos Aires,"1,009.00","81,354.00","1,459,443.00","295,457.00","816,056.00","536,049.00","199,589.00","113,357.00","3,502,314.00"
2018,2,Capital Federal,73.00,"9,234.00","290,291.00","219,166.00","445,345.00","264,805.00","142,253.00",0.00,"1,371,167.00"
2018,2,Catamarca,34.00,"2,414.00","14,624.00","6,112.00","4,347.00",36.00,6.00,65.00,"34,073.00"
2018,2,Chaco,70.00,"2,968.00","34,167.00","24,282.00","21,887.00","9,251.00",463.00,"1,035.00","9,829.00"
2018,2,Chubut,67.00,"4,471.00","85,598.00","5,369.00",4.00,5.00,9.00,501.00,"100,533.00"
2018,2,Córdoba,81.00,"21,779.00","21,963.00","102,596.00","244,291.00","78,852.00","3,495.00",811.00,"710,289.00"
2018,2,Corrientes,11.00,"7,047.00","38,268.00","24,066.00","17,926.00",678.00,"3,862.00",0.00,"9,796.00"
2018,2,Entre Ríos,18.00,"8,179.00","94,459.00","4,457.00","34,281.00","12,012.00",592.00,0.00,"199,439.00"
2018,2,Formosa,111.00,"3,568.00","22,409.00","5,176.00","9,727.00","1,313.00","1,243.00",0.00,"44,546.00"
2018,2,Jujuy,345.00,332.00,"29,319.00","8,083.00","3,977.00",44.00,7.00,0.00,"45,095.00"
2018,2,La Pampa,244.00,"8,797.00","68,083.00","2,409.00",965.00,969.00,179.00,698.00,"82,344.00"
2018,2,La Rioja,9.00,"1,384.00","40,679.00","4,198.00",564.00,20.00,15.00,0.00,"51,945.00"
2018,2,Mendoza,20.00,"1,658.00","164,596.00",515.00,266.00,17.00,72.00,"33,788.00","200,932.00"
2018,2,Misiones,48.00,"6,092.00","39,489.00","23,569.00","23,747.00","11,888.00","3,866.00",0.00,"108,699.00"
2018,2,Neuquén,"1,396.00","2,408.00","56,035.00","1,314.00","26,417.00","12,442.00","8,551.00","6,105.00","114,668.00"
2018,2,Río Negro,409.00,"5,298.00","75,056.00",523.00,"1,648.00","6,663.00","3,725.00","3,975.00","112,129.00"
2018,2,Salta,116.00,399.00,"61,763.00","33,285.00","28,431.00","7,239.00",182.00,0.00,"135,006.00"
2018,2,San Juan,22.00,"1,378.00","57,591.00",11.00,0.00,3.00,0.00,"5,068.00","64,073.00"
2018,2,San Luis,57.00,101.00,"11,992.00",11.00,0.00,7.00,2.00,"9,284.00","21,454.00"
2018,2,Santa Cruz,26.00,120.00,286.00,655.00,100.00,1.00,3.00,"4,267.00","33,772.00"
2018,2,Santa Fe,744.00,"34,267.00","262,603.00","112,143.00","17,554.00","50,525.00","26,512.00","22,257.00","684,591.00"
2018,2,Santiago Del Estero,41.00,"2,717.00","41,362.00","18,721.00","3,278.00",31.00,31.00,"17,589.00","8,377.00"
2018,2,Tierra Del Fuego,6.00,188.00,"40,912.00","2,217.00",75.00,0.00,0.00,107.00,"43,505.00"
2018,2,Tucumán,16.00,"6,735.00","79,899.00","44,968.00","27,059.00","1,084.00","8,784.00","1,305.00","16,985.00"
2018,1,Buenos Aires,"1,514.00","74,766.00","1,445,752.00","292,732.00","886,678.00","480,237.00","184,203.00","105,818.00","3,471,700.00"
2018,1,Capital Federal,89.00,"10,039.00","292,566.00","222,737.00","487,826.00","227,953.00","127,384.00",0.00,"1,368,594.00"
2018,1,Catamarca,34.00,"2,896.00","1,477.00","6,145.00","3,539.00",41.00,4.00,65.00,"33,929.00"
2018,1,Chaco,70.00,"3,261.00","32,516.00","24,488.00","23,296.00","8,219.00","3,897.00","1,035.00","96,782.00"
2018,1,Chubut,67.00,"4,314.00","83,161.00","5,358.00",4.00,5.00,9.00,501.00,"97,928.00"
2018,1,Córdoba,281.00,"23,922.00","222,815.00","1,043.00","266,259.00","57,137.00","29,228.00","10,049.00","713,991.00"
2018,1,Corrientes,11.00,"5,005.00","37,152.00","24,038.00","19,068.00",589.00,"3,256.00",0.00,"9,442.00"
2018,1,Entre Ríos,18.00,"8,861.00","9,008.00","45,599.00","37,401.00","9,818.00","5,071.00",0.00,"196,848.00"
2018,1,Formosa,111.00,"3,803.00","10,092.00","5,117.00","10,061.00","1,091.00","1,046.00",0.00,"3,232.00"
2018,1,Jujuy,345.00,"4,807.00","27,219.00","8,044.00","3,925.00",49.00,4.00,0.00,"44,393.00"
2018,1,La Pampa,245.00,"8,119.00","67,104.00","1,616.00","1,076.00",614.00,98.00,"3,503.00","82,375.00"
2018,1,La Rioja,9.00,"1,485.00","4,068.00","4,217.00","5,831.00",19.00,1.00,0.00,"52,242.00"
2018,1,Mendoza,20.00,"1,662.00","164,599.00",501.00,266.00,19.00,72.00,"33,788.00","200,927.00"
2018,1,Misiones,48.00,47.00,"3,582.00","23,291.00","26,223.00","10,241.00","3,219.00",0.00,"103,542.00"
2018,1,Neuquén,"1,396.00","2,367.00","59,468.00","1,311.00","29,012.00","9,709.00","7,378.00","6,105.00","116,746.00"
2018,1,Río Negro,409.00,"5,333.00","74,894.00",530.00,"17,997.00","4,972.00","3,129.00","3,975.00","111,239.00"
2018,1,Salta,116.00,"4,459.00","60,334.00","33,088.00","30,771.00","5,145.00",88.00,0.00,"134,001.00"
2018,1,San Juan,22.00,"1,058.00","57,078.00",11.00,0.00,3.00,0.00,"5,068.00","6,324.00"
2018,1,San Luis,57.00,101.00,"1,192.00",11.00,0.00,7.00,2.00,"9,284.00","21,382.00"
2018,1,Santa Cruz,26.00,120.00,286.00,655.00,100.00,1.00,3.00,"4,267.00","33,772.00"
2018,1,Santa Fe,"1,359.00","33,639.00","262,008.00","108,576.00","1,889.00","39,589.00","22,801.00","23,181.00","680,053.00"
2018,1,Santiago Del Estero,41.00,291.00,"41,298.00","18,914.00","3,449.00",33.00,2.00,"17,589.00","84,236.00"
2018,1,Tierra Del Fuego,6.00,307.00,"33,987.00",2.00,0.00,0.00,0.00,107.00,"34,409.00"
2018,1,Tucumán,16.00,"7,472.00","78,811.00","45,675.00","26,405.00","1,218.00","7,082.00","1,305.00","167,984.00"
2017,4,Buenos Aires,"3,865.00","55,046.00","1,551,194.00","264,645.00","712,513.00","33,514.00","151,747.00","114,182.00","3,188,332.00"
2017,4,Capital Federal,314.00,"31,411.00","517,018.00","28,404.00","45,812.00","178,396.00","114,939.00",0.00,"1,584,238.00"
2017,4,Catamarca,34.00,"3,182.00","15,315.00","5,904.00","2,927.00",43.00,2.00,"2,151.00","29,558.00"
2017,4,Chaco,70.00,"3,432.00","37,144.00","24,088.00","20,123.00",729.00,"3,289.00","1,035.00","96,471.00"
2017,4,Chubut,67.00,"4,313.00","83,676.00","5,355.00",7.00,5.00,9.00,0.00,"93,432.00"
2017,4,Córdoba,291.00,"25,411.00","280,837.00","102,892.00","217,602.00","40,898.00","24,251.00","8,429.00","700,611.00"
2017,4,Corrientes,11.00,522.00,"4,108.00","23,686.00","16,046.00","5,053.00","2,675.00",0.00,"93,771.00"
2017,4,Entre Ríos,"1,685.00","9,078.00","95,466.00","45,189.00","3,001.00","7,958.00","4,113.00",0.00,"193,499.00"
2017,4,Formosa,111.00,"4,061.00","1,322.00","4,867.00","6,996.00",977.00,824.00,0.00,"32,055.00"
2017,4,Jujuy,345.00,"5,364.00","26,566.00","7,721.00","3,507.00",44.00,3.00,0.00,"4,355.00"
2017,4,La Pampa,310.00,"8,729.00","66,053.00","1,227.00",792.00,391.00,81.00,"3,503.00","81,086.00"
2017,4,La Rioja,9.00,"1,488.00","40,777.00","4,083.00","5,813.00",22.00,3.00,0.00,"52,195.00"
2017,4,Mendoza,26.00,"1,656.00","177,646.00",438.00,278.00,29.00,81.00,0.00,"180,154.00"
2017,4,Misiones,"1,053.00",39.00,"41,723.00","23,131.00","22,262.00","9,091.00","2,735.00",0.00,"103,895.00"
2017,4,Neuquén,"1,396.00","2,372.00","68,036.00","1,325.00","22,781.00","7,528.00",63.00,"6,105.00","115,843.00"
2017,4,Río Negro,409.00,"5,598.00","81,078.00",485.00,"12,502.00","3,447.00",244.00,"3,719.00","109,678.00"
2017,4,Salta,636.00,"4,275.00","73,284.00","32,842.00","18,968.00","3,559.00",84.00,0.00,"133,648.00"
2017,4,San Juan,22.00,"1,062.00","57,525.00",9.00,0.00,2.00,2.00,0.00,"58,622.00"
2017,4,San Luis,59.00,101.00,"12,822.00",8.00,0.00,1.00,7.00,"1,902.00",149.00
2017,4,Santa Cruz,68.00,78.00,"29,073.00",655.00,100.00,1.00,3.00,0.00,"29,978.00"
2017,4,Santa Fe,"3,109.00","34,132.00","309,998.00","108,939.00","151,329.00","30,736.00","19,602.00","14,119.00","671,964.00"
2017,4,Santiago Del Estero,41.00,"3,091.00","43,544.00","18,773.00","3,359.00",32.00,2.00,0.00,"68,842.00"
2017,4,Tierra Del Fuego,6.00,310.00,"31,334.00",2.00,0.00,0.00,0.00,0.00,"31,652.00"
2017,4,Tucumán,105.00,"8,164.00","7,875.00","45,241.00","24,318.00","1,303.00","4,367.00",0.00,"162,248.00"
2017,3,Buenos Aires,"6,577.00","51,411.00","1,733,479.00","311,652.00","676,137.00","140,812.00","1,084.00",0.00,"3,028,468.00"
2017,3,Capital Federal,283.00,"33,924.00","590,689.00","311,411.00","4,263.00","120,675.00","91,917.00",0.00,"1,575,199.00"
2017,3,Catamarca,52.00,"3,204.00","15,383.00","5,758.00","2,563.00",50.00,1.00,0.00,"27,011.00"
2017,3,Chaco,95.00,"3,496.00","40,059.00","23,008.00","20,307.00","3,827.00","2,004.00",0.00,"92,796.00"
2017,3,Chubut,436.00,"3,989.00","71,843.00","2,336.00",3.00,0.00,0.00,0.00,"78,607.00"
2017,3,Córdoba,327.00,"26,154.00","309,161.00","100,113.00","189,302.00","38,131.00","16,741.00",0.00,"679,929.00"
2017,3,Corrientes,24.00,"5,629.00","44,305.00","22,785.00","15,576.00","2,635.00","1,607.00",0.00,"92,561.00"
2017,3,Entre Ríos,"1,691.00","7,545.00","98,032.00","42,947.00","29,011.00","3,878.00","2,397.00",0.00,"185,501.00"
2017,3,Formosa,"1,063.00","3,716.00","13,752.00","5,187.00","6,056.00",899.00,459.00,0.00,"31,132.00"
2017,3,Jujuy,337.00,"5,723.00","26,835.00","7,369.00","2,962.00",41.00,2.00,0.00,"43,269.00"
2017,3,La Pampa,343.00,"8,244.00","64,794.00",855.00,588.00,327.00,51.00,0.00,"75,202.00"
2017,3,La Rioja,16.00,"1,497.00","40,882.00","3,899.00","5,604.00",23.00,3.00,0.00,"51,924.00"
2017,3,Mendoza,32.00,95.00,"158,461.00",115.00,67.00,29.00,19.00,0.00,"158,818.00"
2017,3,Misiones,"1,058.00","4,123.00",429.00,"22,808.00","23,913.00","3,843.00","1,881.00",0.00,"100,526.00"
2017,3,Neuquén,"2,036.00","1,457.00","72,532.00","1,034.00","20,213.00","7,067.00","4,937.00",0.00,"109,276.00"
2017,3,Río Negro,422.00,"5,641.00",839.00,306.00,"10,116.00","2,965.00","1,659.00",0.00,"105,009.00"
2017,3,Salta,645.00,"4,494.00","7,883.00","32,433.00","1,462.00","2,315.00",63.00,0.00,"1,334.00"
2017,3,San Juan,31.00,"1,077.00","57,582.00",1.00,0.00,2.00,2.00,0.00,"58,695.00"
2017,3,San Luis,63.00,3.00,"12,325.00",7.00,0.00,1.00,7.00,0.00,"12,406.00"
2017,3,Santa Cruz,188.00,23.00,"29,102.00",542.00,66.00,33.00,1.00,0.00,"29,955.00"
2017,3,Santa Fe,"3,116.00","34,019.00","320,017.00","104,453.00","125,339.00","24,536.00","12,982.00",0.00,"624,462.00"
2017,3,Santiago Del Estero,69.00,"3,288.00","40,435.00","18,489.00","3,047.00",30.00,2.00,0.00,"6,536.00"
2017,3,Tierra Del Fuego,9.00,297.00,"33,858.00",0.00,0.00,0.00,0.00,0.00,"34,164.00"
2017,3,Tucumán,109.00,"8,948.00","8,307.00","45,302.00","20,514.00","1,361.00",655.00,0.00,"159,959.00"
2017,2,Buenos Aires,"7,548.00","47,472.00","1,910,156.00","299,009.00","573,298.00","93,059.00","46,178.00",0.00,"2,976,720.00"
2017,2,Capital Federal,556.00,"35,663.00","726,223.00","30,497.00","378,571.00","80,234.00","37,977.00",0.00,"1,564,194.00"
2017,2,Catamarca,15.00,"3,318.00","15,655.00","5,325.00","2,342.00",47.00,1.00,0.00,"26,703.00"
2017,2,Chaco,191.00,"3,733.00","4,259.00","22,349.00","18,044.00","3,157.00",545.00,0.00,"90,609.00"
2017,2,Chubut,403.00,"4,186.00","7,376.00",188.00,0.00,0.00,0.00,0.00,"80,229.00"
2017,2,Córdoba,251.00,"26,862.00","370,865.00","88,479.00","146,683.00","20,351.00","5,069.00",0.00,"65,856.00"
2017,2,Corrientes,15.00,"5,912.00","46,483.00","21,776.00","13,043.00","2,218.00",647.00,0.00,"90,094.00"
2017,2,Entre Ríos,168.00,"7,944.00","104,422.00",418.00,"23,524.00","2,604.00",823.00,0.00,"182,797.00"
2017,2,Formosa,"1,486.00","3,419.00","14,787.00","4,795.00","4,583.00",749.00,139.00,0.00,"29,958.00"
2017,2,Jujuy,311.00,"5,877.00","26,915.00","6,974.00","2,538.00",42.00,1.00,0.00,"42,658.00"
2017,2,La Pampa,356.00,"8,633.00","59,045.00",558.00,336.00,244.00,21.00,0.00,"69,193.00"
2017,2,La Rioja,9.00,"1,554.00","9,304.00","3,599.00","1,796.00",24.00,2.00,0.00,"16,288.00"
2017,2,Mendoza,109.00,24.00,"177,203.00",92.00,50.00,5.00,22.00,0.00,"177,505.00"
2017,2,Misiones,"1,011.00","4,447.00","47,244.00","22,033.00","21,599.00","2,892.00",570.00,0.00,"99,796.00"
2017,2,Neuquén,"1,542.00","1,395.00","81,272.00",849.00,"18,051.00","4,774.00","1,703.00",0.00,"109,586.00"
2017,2,Río Negro,973.00,"5,606.00","88,085.00",245.00,799.00,"1,921.00",559.00,0.00,"105,379.00"
2017,2,Salta,594.00,"4,719.00","67,576.00","23,185.00","11,333.00","1,068.00",76.00,0.00,"108,551.00"
2017,2,San Juan,15.00,193.00,"58,588.00",0.00,0.00,0.00,4.00,0.00,588.00
2017,2,San Luis,8.00,4.00,"14,014.00",0.00,0.00,1.00,2.00,0.00,"14,029.00"
2017,2,Santa Cruz,188.00,24.00,"30,913.00",541.00,66.00,33.00,0.00,0.00,"31,765.00"
2017,2,Santa Fe,"4,967.00","38,721.00","31,183.00","92,854.00","97,563.00","16,794.00","4,275.00",0.00,"567,004.00"
2017,2,Santiago Del Estero,26.00,"3,539.00","20,384.00","6,432.00","2,802.00",16.00,0.00,0.00,"33,199.00"
2017,2,Tierra Del Fuego,16.00,285.00,"35,409.00",0.00,0.00,0.00,0.00,0.00,"3,571.00"
2017,2,Tucumán,96.00,"9,236.00","83,342.00","42,536.00","17,788.00","1,371.00",21.00,0.00,"15,439.00"
2017,1,Buenos Aires,"6,017.00","83,918.00","2,057,698.00","402,315.00","52,354.00","90,937.00","22,299.00",0.00,"3,186,724.00"
2017,1,Capital Federal,510.00,"1,409.00","678,922.00","218,487.00","277,195.00","66,536.00","19,881.00",0.00,"1,262,940.00"
2017,1,Catamarca,15.00,"3,328.00","15,861.00","4,901.00","2,161.00",49.00,0.00,0.00,"26,315.00"
2017,1,Chaco,191.00,"3,835.00","44,544.00","21,467.00","15,671.00","3,025.00",314.00,0.00,"89,047.00"
2017,1,Chubut,401.00,"4,182.00","73,759.00","1,808.00",0.00,0.00,0.00,0.00,"8,015.00"
2017,1,Córdoba,50.00,"28,732.00","391,556.00","82,011.00","118,643.00","19,035.00","2,071.00",0.00,"642,098.00"
2017,1,Corrientes,15.00,604.00,"48,149.00","20,586.00","11,468.00","2,044.00",303.00,0.00,"88,605.00"
2017,1,Entre Ríos,168.00,808.00,"108,379.00","39,146.00","20,562.00","2,254.00",317.00,0.00,"180,418.00"
2017,1,Formosa,"1,535.00","3,538.00","15,473.00","4,446.00","4,058.00",635.00,22.00,0.00,"29,707.00"
2017,1,Jujuy,330.00,"6,213.00","27,824.00","6,486.00","2,306.00",44.00,0.00,0.00,"43,203.00"
2017,1,La Pampa,362.00,"9,279.00","57,739.00",331.00,192.00,165.00,11.00,0.00,"68,079.00"
2017,1,La Rioja,9.00,"1,578.00","9,486.00","3,409.00","1,718.00",22.00,2.00,0.00,"16,224.00"
2017,1,Mendoza,106.00,15.00,"177,201.00",86.00,50.00,5.00,22.00,0.00,"177,485.00"
2017,1,Misiones,101.00,"4,665.00","4,595.00","23,847.00","19,356.00","2,627.00",166.00,0.00,"97,621.00"
2017,1,Neuquén,"1,547.00","1,418.00","83,813.00",902.00,"1,513.00","4,223.00",458.00,0.00,"107,491.00"
2017,1,Río Negro,986.00,"5,647.00","89,622.00",246.00,"6,738.00","1,594.00",200.00,0.00,"105,033.00"
2017,1,Salta,579.00,"4,861.00","70,922.00","21,554.00","9,386.00",267.00,74.00,0.00,"107,643.00"
2017,1,San Juan,8.00,192.00,"58,588.00",0.00,0.00,0.00,4.00,0.00,"58,792.00"
2017,1,San Luis,8.00,4.00,"14,014.00",0.00,0.00,1.00,2.00,0.00,"14,029.00"
2017,1,Santa Cruz,190.00,23.00,"31,078.00",474.00,68.00,30.00,0.00,0.00,"31,863.00"
2017,1,Santa Fe,"4,966.00","39,463.00","340,418.00","77,152.00","83,008.00","15,775.00","1,831.00",0.00,"562,613.00"
2017,1,Santiago Del Estero,26.00,"3,772.00","21,659.00","6,218.00","2,786.00",17.00,0.00,0.00,"34,478.00"
2017,1,Tierra Del Fuego,16.00,285.00,"35,409.00",0.00,0.00,0.00,0.00,0.00,"3,571.00"
2017,1,Tucumán,96.00,"9,682.00","8,647.00","39,155.00","15,951.00","1,383.00",13.00,0.00,"15,275.00"
2016,4,Buenos Aires,"6,055.00","86,281.00","2,085,605.00","403,575.00","467,398.00","72,348.00","17,279.00",0.00,"3,138,541.00"
2016,4,Capital Federal,517.00,"1,477.00","704,324.00","225,723.00","264,582.00","53,506.00","16,756.00",0.00,"1,266,885.00"
2016,4,Catamarca,15.00,"3,478.00","16,519.00","4,889.00","2,077.00",54.00,0.00,0.00,"27,032.00"
2016,4,Chaco,191.00,"3,983.00","45,634.00","21,323.00","14,887.00","2,586.00",250.00,0.00,"88,854.00"
2016,4,Chubut,401.00,"4,493.00","73,951.00","1,352.00",0.00,0.00,0.00,0.00,"80,197.00"
2016,4,Córdoba,50.00,"2,938.00","404,645.00","77,966.00","108,368.00","15,458.00","1,606.00",0.00,"637,473.00"
2016,4,Corrientes,15.00,"6,109.00","48,995.00","20,187.00","10,908.00","1,645.00",234.00,0.00,"88,093.00"
2016,4,Entre Ríos,168.00,"8,253.00","110,296.00","38,491.00","19,509.00","1,801.00",280.00,0.00,"18,031.00"
2016,4,Formosa,"1,573.00","3,519.00","15,791.00","4,114.00","3,855.00",649.00,17.00,0.00,"29,518.00"
2016,4,Jujuy,303.00,"6,225.00","27,778.00","6,143.00","2,134.00",43.00,0.00,0.00,"42,626.00"
2016,4,La Pampa,368.00,"9,789.00","56,694.00",16.00,335.00,132.00,11.00,0.00,"67,345.00"
2016,4,La Rioja,9.00,"1,646.00","9,635.00","3,334.00","1,675.00",13.00,3.00,0.00,"16,315.00"
2016,4,Mendoza,114.00,16.00,"177,194.00",79.00,49.00,5.00,20.00,0.00,"177,477.00"
2016,4,Misiones,101.00,"4,783.00","47,454.00","23,433.00","18,371.00","2,215.00",126.00,0.00,"97,392.00"
2016,4,Neuquén,"1,539.00","1,406.00","84,859.00",792.00,"14,153.00","3,073.00",271.00,0.00,"106,093.00"
2016,4,Río Negro,998.00,"2,953.00","92,967.00",248.00,"6,317.00","1,174.00",122.00,0.00,"104,779.00"
2016,4,Salta,577.00,"5,027.00","71,636.00","20,787.00","8,611.00",239.00,70.00,0.00,"106,947.00"
2016,4,San Juan,8.00,220.00,"58,608.00",0.00,0.00,0.00,4.00,0.00,"5,884.00"
2016,4,San Luis,8.00,4.00,"14,014.00",0.00,0.00,1.00,2.00,0.00,"14,029.00"
2016,4,Santa Cruz,189.00,23.00,"31,369.00",342.00,80.00,10.00,0.00,0.00,"32,013.00"
2016,4,Santa Fe,"4,966.00","40,102.00","349,722.00","74,401.00","77,667.00","13,155.00","1,529.00",0.00,"561,542.00"
2016,4,Santiago Del Estero,26.00,"3,925.00","22,246.00","6,178.00","2,664.00",15.00,0.00,0.00,"35,054.00"
2016,4,Tierra Del Fuego,16.00,285.00,"35,409.00",0.00,0.00,0.00,0.00,0.00,"3,571.00"
2016,4,Tucumán,96.00,"10,021.00","87,994.00","37,721.00","14,389.00",14.00,10.00,0.00,"151,631.00"
2016,3,Buenos Aires,"5,856.00","107,945.00","2,148,475.00","39,353.00","399,116.00",529.00,"13,318.00",0.00,"3,121,140.00"
2016,3,Capital Federal,331.00,995.00,"759,028.00","208,249.00","240,856.00","38,341.00","13,886.00",0.00,"1,261,686.00"
2016,3,Catamarca,15.00,"4,038.00","16,183.00","4,845.00","1,853.00",50.00,0.00,0.00,"26,984.00"
2016,3,Chaco,190.00,"5,227.00","46,821.00","21,193.00","13,746.00","2,022.00",217.00,0.00,"89,416.00"
2016,3,Chubut,466.00,519.00,"74,375.00",674.00,0.00,0.00,0.00,0.00,"80,705.00"
2016,3,Córdoba,48.00,"41,329.00","415,075.00","75,988.00","99,225.00","11,691.00","1,322.00",0.00,"644,678.00"
2016,3,Corrientes,15.00,"7,425.00","49,471.00","19,956.00","10,006.00","1,263.00",210.00,0.00,"88,346.00"
2016,3,Entre Ríos,"1,768.00","10,657.00","110,844.00","38,665.00","17,737.00","1,307.00",248.00,0.00,"181,226.00"
2016,3,Formosa,"1,723.00","4,277.00","15,581.00","3,964.00","3,658.00",648.00,10.00,0.00,"29,861.00"
2016,3,Jujuy,286.00,"6,878.00","27,425.00","5,943.00","1,978.00",31.00,0.00,0.00,"42,541.00"
2016,3,La Pampa,374.00,"10,187.00","55,792.00",15.00,224.00,114.00,11.00,0.00,"66,717.00"
2016,3,La Rioja,9.00,"2,349.00","9,686.00","3,316.00","1,562.00",11.00,2.00,0.00,"16,935.00"
2016,3,Mendoza,37.00,10.00,"178,186.00",73.00,48.00,5.00,17.00,0.00,"178,376.00"
2016,3,Misiones,101.00,603.00,"48,871.00","23,394.00","17,043.00","1,559.00",91.00,0.00,"97,998.00"
2016,3,Neuquén,"1,531.00","1,527.00","87,404.00",680.00,"12,541.00","2,118.00",225.00,0.00,"106,026.00"
2016,3,Río Negro,"1,007.00","6,026.00","90,689.00",207.00,"5,953.00",790.00,99.00,0.00,"104,771.00"
2016,3,Salta,"1,107.00","6,922.00","71,214.00","20,229.00","8,099.00",197.00,50.00,0.00,"107,818.00"
2016,3,San Juan,8.00,245.00,"58,577.00",0.00,0.00,0.00,2.00,0.00,"58,832.00"
2016,3,San Luis,7.00,4.00,"14,077.00",0.00,0.00,1.00,2.00,0.00,"14,091.00"
2016,3,Santa Cruz,189.00,22.00,"31,904.00",221.00,52.00,9.00,0.00,0.00,"32,397.00"
2016,3,Santa Fe,"3,958.00","49,501.00","360,606.00","72,657.00","69,864.00","1,021.00","1,308.00",0.00,"568,104.00"
2016,3,Santiago Del Estero,26.00,"5,097.00","22,747.00","6,216.00","2,497.00",9.00,0.00,0.00,"36,592.00"
2016,3,Tierra Del Fuego,16.00,285.00,"3,508.00",0.00,0.00,0.00,0.00,0.00,"35,381.00"
2016,3,Tucumán,127.00,"12,247.00","8,797.00","36,518.00","1,315.00","1,288.00",4.00,0.00,"151,304.00"
2016,2,Buenos Aires,"10,786.00","133,385.00","2,250,898.00","335,296.00","334,723.00","31,494.00","11,933.00",0.00,"3,108,515.00"
2016,2,Capital Federal,"4,352.00","1,736.00","859,039.00","146,091.00","21,301.00","19,597.00","13,477.00",0.00,"1,257,302.00"
2016,2,Catamarca,15.00,"5,736.00","14,742.00","4,567.00","1,496.00",47.00,1.00,0.00,"26,604.00"
2016,2,Chaco,197.00,"8,063.00","45,823.00","20,346.00","1,209.00","1,571.00",201.00,0.00,"88,291.00"
2016,2,Chubut,572.00,"5,421.00","73,078.00",775.00,0.00,0.00,0.00,0.00,"79,846.00"
2016,2,Córdoba,258.00,"5,705.00","437,547.00","7,198.00","82,618.00","8,355.00","1,242.00",0.00,"65,905.00"
2016,2,Corrientes,41.00,"10,018.00","47,916.00",192.00,"8,851.00",803.00,191.00,0.00,"8,702.00"
2016,2,Entre Ríos,"4,734.00","16,368.00",115.00,"36,917.00","15,522.00",849.00,205.00,0.00,"189,595.00"
2016,2,Formosa,"1,675.00","5,401.00","1,437.00","3,569.00","3,218.00",593.00,10.00,0.00,"28,836.00"
2016,2,Jujuy,"2,561.00","8,292.00","25,301.00","5,589.00",175.00,3.00,0.00,0.00,"43,496.00"
2016,2,La Pampa,429.00,"10,616.00","63,928.00",15.00,119.00,96.00,11.00,0.00,"75,214.00"
2016,2,La Rioja,10.00,"3,151.00","9,043.00",319.00,"1,344.00",3.00,5.00,0.00,"16,746.00"
2016,2,Mendoza,437.00,30.00,"176,922.00",61.00,44.00,5.00,20.00,0.00,"177,519.00"
2016,2,Misiones,"1,973.00","7,899.00","49,586.00","21,385.00","1,482.00","1,073.00",96.00,0.00,"96,832.00"
2016,2,Neuquén,"1,916.00","1,691.00","88,854.00",583.00,"10,241.00","1,285.00",208.00,0.00,"104,778.00"
2016,2,Río Negro,"1,189.00","6,107.00","92,158.00",194.00,"4,877.00",520.00,86.00,0.00,"105,131.00"
2016,2,Salta,216.00,"10,123.00","70,875.00","18,759.00","7,129.00",140.00,49.00,0.00,"109,235.00"
2016,2,San Juan,10.00,273.00,"57,589.00",0.00,0.00,0.00,4.00,0.00,"57,876.00"
2016,2,San Luis,12.00,4.00,"13,931.00",0.00,0.00,1.00,2.00,0.00,"1,395.00"
2016,2,Santa Cruz,244.00,26.00,"31,995.00",142.00,20.00,0.00,0.00,0.00,"32,427.00"
2016,2,Santa Fe,"9,486.00","67,325.00","37,496.00","68,505.00","60,469.00","6,509.00","1,277.00",0.00,"588,531.00"
2016,2,Santiago Del Estero,704.00,"6,705.00","22,208.00","5,943.00","2,108.00",1.00,0.00,0.00,"37,669.00"
2016,2,Tierra Del Fuego,16.00,286.00,"38,773.00",0.00,0.00,0.00,0.00,0.00,"39,075.00"
2016,2,Tucumán,231.00,"18,515.00","83,945.00","33,891.00","1,131.00","1,032.00",2.00,0.00,"148,926.00"
2016,1,Buenos Aires,"7,351.00","9,788.00","2,214,760.00","289,929.00","247,372.00","8,315.00","9,529.00",0.00,"2,875,136.00"
2016,1,Capital Federal,231.00,"43,686.00","869,048.00","178,665.00","192,644.00","6,577.00","10,838.00",0.00,"1,303,768.00"
2016,1,Catamarca,15.00,"6,102.00","14,653.00","4,241.00","1,334.00",42.00,1.00,0.00,"26,388.00"
2016,1,Chaco,194.00,"8,755.00","46,304.00","19,388.00","10,587.00","1,238.00",184.00,0.00,"8,665.00"
2016,1,Chubut,94.00,"5,095.00","72,396.00","1,066.00",0.00,0.00,0.00,0.00,"78,651.00"
2016,1,Córdoba,148.00,"59,484.00","414,452.00","65,763.00","66,455.00","4,143.00","1,039.00",0.00,"611,484.00"
2016,1,Corrientes,29.00,"1,069.00","47,833.00","18,375.00","7,911.00",526.00,170.00,0.00,"85,534.00"
2016,1,Entre Ríos,"2,864.00","17,749.00","104,137.00","35,104.00","14,057.00",457.00,165.00,0.00,"174,533.00"
2016,1,Formosa,"1,738.00","5,731.00","14,163.00","3,229.00","2,906.00",544.00,5.00,0.00,"28,316.00"
2016,1,Jujuy,"2,543.00","8,558.00","22,383.00","5,188.00","1,623.00",0.00,0.00,0.00,"40,295.00"
2016,1,La Pampa,426.00,"11,065.00","52,117.00",15.00,78.00,71.00,11.00,0.00,"63,783.00"
2016,1,La Rioja,10.00,"3,382.00",906.00,298.00,"1,254.00",2.00,3.00,0.00,"16,691.00"
2016,1,Mendoza,235.00,21.00,"175,376.00",47.00,43.00,5.00,17.00,0.00,"175,744.00"
2016,1,Misiones,959.00,"8,502.00","50,061.00","19,195.00","13,363.00",779.00,68.00,0.00,"92,927.00"
2016,1,Neuquén,172.00,"1,737.00","8,631.00",479.00,"7,893.00",143.00,171.00,0.00,"98,453.00"
2016,1,Río Negro,"1,171.00","6,105.00","90,038.00",203.00,"4,246.00",77.00,81.00,0.00,"101,921.00"
2016,1,Salta,"1,119.00","10,765.00","65,646.00","17,748.00","6,643.00",119.00,31.00,0.00,"102,071.00"
2016,1,San Juan,9.00,309.00,"56,447.00",0.00,0.00,0.00,2.00,0.00,"56,767.00"
2016,1,San Luis,8.00,4.00,"13,645.00",0.00,0.00,1.00,2.00,0.00,"1,366.00"
2016,1,Santa Cruz,168.00,29.00,"32,188.00",8.00,0.00,0.00,0.00,0.00,"32,393.00"
2016,1,Santa Fe,"6,492.00","71,565.00","353,525.00","64,117.00","51,293.00","3,754.00","1,063.00",0.00,"551,809.00"
2016,1,Santiago Del Estero,703.00,"7,219.00","22,805.00","5,769.00","1,898.00",0.00,0.00,0.00,"38,394.00"
2016,1,Tierra Del Fuego,16.00,285.00,"33,003.00",0.00,0.00,0.00,0.00,0.00,"33,304.00"
2016,1,Tucumán,106.00,"20,092.00","84,008.00","3,149.00","10,046.00",871.00,0.00,0.00,"146,613.00"
2015,4,Buenos Aires,"7,985.00","100,303.00","2,253,197.00","27,456.00","240,188.00","3,835.00",818.00,0.00,"2,888,246.00"
2015,4,Capital Federal,"2,417.00","46,568.00","916,813.00","172,029.00","198,635.00","3,087.00","10,899.00",0.00,"1,350,450.00"
2015,4,Catamarca,15.00,"6,513.00","14,484.00","4,106.00","1,313.00",39.00,1.00,0.00,"26,471.00"
2015,4,Chaco,194.00,"9,593.00","46,771.00","18,608.00","10,092.00","1,136.00",159.00,0.00,"86,553.00"
2015,4,Chubut,625.00,"5,774.00","71,881.00",168.00,0.00,0.00,0.00,0.00,"78,448.00"
2015,4,Córdoba,148.00,"63,746.00","427,471.00","62,989.00","67,151.00","3,336.00","1,088.00",0.00,"625,929.00"
2015,4,Corrientes,29.00,"11,248.00","48,104.00","17,877.00","7,569.00",456.00,150.00,0.00,"85,433.00"
2015,4,Entre Ríos,"2,865.00","18,883.00","104,224.00","33,989.00","13,668.00",399.00,163.00,0.00,"174,191.00"
2015,4,Formosa,"1,791.00","6,081.00","14,279.00","2,704.00","2,713.00",519.00,4.00,0.00,"28,091.00"
2015,4,Jujuy,"2,551.00","8,876.00","21,867.00","5,044.00","1,587.00",0.00,0.00,0.00,"39,925.00"
2015,4,La Pampa,592.00,"12,951.00","48,798.00",16.00,63.00,49.00,10.00,0.00,"62,479.00"
2015,4,La Rioja,10.00,"3,638.00","9,127.00","2,937.00","1,215.00",2.00,3.00,0.00,"16,932.00"
2015,4,Mendoza,241.00,23.00,"174,719.00",38.00,41.00,5.00,13.00,0.00,"17,508.00"
2015,4,Misiones,959.00,"9,169.00","51,029.00","17,281.00","1,369.00",675.00,52.00,0.00,"92,855.00"
2015,4,Neuquén,"1,727.00","2,061.00","89,678.00",455.00,"7,934.00",9.00,175.00,0.00,"102,039.00"
2015,4,Río Negro,"3,282.00","4,473.00","89,062.00",201.00,"4,024.00",5.00,75.00,0.00,"101,122.00"
2015,4,Salta,"1,122.00","11,387.00","65,677.00","17,139.00","6,507.00",99.00,5.00,0.00,"101,936.00"
2015,4,San Juan,9.00,386.00,"55,761.00",0.00,0.00,0.00,2.00,0.00,"56,158.00"
2015,4,San Luis,8.00,4.00,"13,473.00",0.00,0.00,1.00,2.00,0.00,"13,488.00"
2015,4,Santa Cruz,188.00,26.00,"32,338.00",3.00,0.00,0.00,0.00,0.00,"32,555.00"
2015,4,Santa Fe,"6,659.00","7,577.00","361,264.00","60,985.00","51,258.00","3,079.00","1,189.00",0.00,"560,204.00"
2015,4,Santiago Del Estero,703.00,"7,836.00","23,074.00","5,669.00","1,856.00",0.00,0.00,0.00,"39,138.00"
2015,4,Tierra Del Fuego,16.00,285.00,"32,662.00",0.00,0.00,0.00,0.00,0.00,"32,963.00"
2015,4,Tucumán,107.00,218.00,"83,887.00","29,942.00","9,507.00",837.00,0.00,0.00,"14,608.00"
2015,3,Buenos Aires,"8,361.00","107,351.00","2,266,948.00","262,564.00","200,491.00","2,642.00",772.00,0.00,"2,856,078.00"
2015,3,Capital Federal,"2,448.00","4,934.00","942,525.00","159,618.00","175,594.00","2,028.00","10,022.00",0.00,"1,341,574.00"
2015,3,Catamarca,15.00,"6,871.00","14,206.00","4,143.00",812.00,43.00,1.00,0.00,"26,091.00"
2015,3,Chaco,240.00,"10,353.00","47,131.00","19,016.00","7,498.00",979.00,157.00,0.00,"85,374.00"
2015,3,Chubut,641.00,"5,886.00","71,668.00",167.00,0.00,0.00,0.00,0.00,"78,362.00"
2015,3,Córdoba,150.00,"68,765.00","429,787.00","61,109.00","59,372.00","2,582.00","1,048.00",0.00,"622,813.00"
2015,3,Corrientes,33.00,"11,921.00","48,127.00","18,168.00","6,111.00",453.00,146.00,0.00,"84,959.00"
2015,3,Entre Ríos,"2,863.00","20,385.00","10,399.00","34,788.00","9,924.00",384.00,153.00,0.00,"172,487.00"
2015,3,Formosa,"1,862.00","6,521.00","14,354.00","2,791.00","1,842.00",379.00,2.00,0.00,"27,751.00"
2015,3,Jujuy,"2,549.00","9,278.00","21,588.00","5,169.00",966.00,0.00,0.00,0.00,"3,955.00"
2015,3,La Pampa,613.00,"13,087.00","4,766.00",9.00,55.00,39.00,10.00,0.00,"61,473.00"
2015,3,La Rioja,10.00,384.00,"9,102.00","2,984.00",832.00,0.00,3.00,0.00,"16,771.00"
2015,3,Mendoza,256.00,25.00,"17,343.00",45.00,18.00,5.00,13.00,0.00,"173,792.00"
2015,3,Misiones,958.00,"9,809.00","51,234.00","17,367.00","11,654.00",559.00,43.00,0.00,"91,624.00"
2015,3,Neuquén,"1,733.00","2,124.00","85,044.00",210.00,"6,599.00",2.00,155.00,0.00,"95,867.00"
2015,3,Río Negro,"3,372.00","4,457.00","88,691.00",99.00,"3,826.00",1.00,62.00,0.00,"100,508.00"
2015,3,Salta,"1,126.00","12,223.00","65,405.00","17,451.00","4,318.00",61.00,5.00,0.00,"100,589.00"
2015,3,San Juan,9.00,391.00,"54,963.00",0.00,0.00,0.00,2.00,0.00,"55,365.00"
2015,3,San Luis,9.00,4.00,"13,286.00",0.00,0.00,1.00,2.00,0.00,"13,302.00"
2015,3,Santa Cruz,190.00,25.00,"32,266.00",2.00,0.00,0.00,0.00,0.00,"32,483.00"
2015,3,Santa Fe,"6,767.00","80,817.00","363,177.00","59,531.00","42,021.00",232.00,"1,133.00",0.00,"555,766.00"
2015,3,Santiago Del Estero,703.00,"8,332.00","23,158.00","5,956.00","1,249.00",0.00,0.00,0.00,"39,398.00"
2015,3,Tierra Del Fuego,15.00,285.00,"36,408.00",2.00,0.00,0.00,0.00,0.00,"3,671.00"
2015,3,Tucumán,107.00,"23,687.00","83,654.00","29,998.00","6,232.00",623.00,0.00,0.00,"144,301.00"
2015,2,Buenos Aires,"8,714.00","137,189.00","2,299,705.00","243,503.00","159,922.00",201.00,"6,712.00",0.00,"2,857,754.00"
2015,2,Capital Federal,"2,493.00","51,799.00","990,112.00","148,569.00","142,976.00","1,482.00","9,258.00",0.00,"1,346,690.00"
2015,2,Catamarca,15.00,"7,253.00","14,003.00","3,776.00",593.00,37.00,1.00,0.00,"25,678.00"
2015,2,Chaco,288.00,"11,058.00","47,551.00","17,675.00","6,337.00",788.00,149.00,0.00,"83,846.00"
2015,2,Chubut,656.00,"6,032.00","55,791.00",168.00,0.00,0.00,0.00,0.00,"62,647.00"
2015,2,Córdoba,156.00,"72,695.00","434,717.00","54,993.00","46,415.00","1,956.00",903.00,0.00,"611,835.00"
2015,2,Corrientes,34.00,"12,542.00","48,015.00","17,184.00","5,039.00",379.00,126.00,0.00,"83,319.00"
2015,2,Entre Ríos,"2,864.00","21,986.00","104,043.00","32,293.00","7,867.00",354.00,136.00,0.00,"169,543.00"
2015,2,Formosa,"1,881.00","6,907.00","14,247.00","2,436.00","1,324.00",257.00,1.00,0.00,"27,053.00"
2015,2,Jujuy,"2,479.00","9,474.00","20,248.00","4,792.00",730.00,0.00,0.00,0.00,"37,723.00"
2015,2,La Pampa,"5,737.00","8,182.00","46,235.00",27.00,24.00,25.00,10.00,0.00,"6,024.00"
2015,2,La Rioja,10.00,"4,082.00","9,093.00",268.00,641.00,0.00,3.00,0.00,"16,509.00"
2015,2,Mendoza,268.00,26.00,"170,451.00",42.00,16.00,5.00,13.00,0.00,"170,821.00"
2015,2,Misiones,958.00,"1,036.00","51,671.00","15,022.00","10,072.00",408.00,33.00,0.00,"88,524.00"
2015,2,Neuquén,"1,755.00","2,348.00","82,727.00",214.00,"5,168.00",2.00,110.00,0.00,"92,324.00"
2015,2,Río Negro,"3,413.00","4,525.00","87,362.00",97.00,324.00,1.00,51.00,0.00,"98,689.00"
2015,2,Salta,"1,123.00","1,302.00","64,737.00","16,241.00","3,114.00",29.00,5.00,0.00,"98,269.00"
2015,2,San Juan,8.00,410.00,"51,568.00",0.00,0.00,0.00,2.00,0.00,"51,988.00"
2015,2,San Luis,9.00,4.00,"13,204.00",0.00,0.00,1.00,2.00,0.00,"1,322.00"
2015,2,Santa Cruz,210.00,25.00,"25,519.00",2.00,0.00,0.00,0.00,0.00,"25,756.00"
2015,2,Santa Fe,"6,827.00","86,016.00","364,441.00","53,205.00","33,894.00","1,856.00","1,014.00",0.00,"547,253.00"
2015,2,Santiago Del Estero,703.00,"8,779.00","23,456.00","5,553.00",888.00,0.00,0.00,0.00,"39,379.00"
2015,2,Tierra Del Fuego,15.00,285.00,"36,073.00",2.00,0.00,0.00,0.00,0.00,"36,375.00"
2015,2,Tucumán,107.00,"25,178.00","83,462.00","26,966.00","4,502.00",455.00,0.00,0.00,"14,067.00"
2015,1,Buenos Aires,"8,882.00","123,589.00","2,267,852.00","22,007.00","126,958.00","1,561.00",57.00,0.00,"2,754,612.00"
2015,1,Capital Federal,"2,545.00","59,084.00","1,013,510.00","134,151.00","114,569.00","1,195.00","8,401.00",0.00,"1,333,455.00"
2015,1,Catamarca,13.00,"7,634.00","13,754.00","3,202.00",517.00,9.00,1.00,0.00,"2,513.00"
2015,1,Chaco,26.00,"12,053.00","47,425.00","15,883.00","5,346.00",489.00,135.00,0.00,"81,357.00"
2015,1,Chubut,651.00,"6,176.00","57,333.00",102.00,0.00,0.00,0.00,0.00,"64,262.00"
2015,1,Córdoba,157.00,"78,427.00","432,802.00","46,574.00","37,443.00","1,615.00",815.00,0.00,"597,833.00"
2015,1,Corrientes,36.00,"13,295.00","47,842.00","15,554.00","4,424.00",235.00,98.00,0.00,"81,484.00"
2015,1,Entre Ríos,"2,867.00","23,951.00","104,168.00","28,113.00","6,926.00",274.00,119.00,0.00,"166,418.00"
2015,1,Formosa,"1,891.00","7,336.00","14,413.00","2,024.00",878.00,157.00,1.00,0.00,267.00
2015,1,Jujuy,"2,458.00","9,754.00","19,858.00","3,939.00",603.00,0.00,0.00,0.00,"36,612.00"
2015,1,La Pampa,"6,059.00","8,054.00","45,038.00",26.00,10.00,13.00,10.00,0.00,"5,921.00"
2015,1,La Rioja,11.00,"4,201.00","9,379.00","2,207.00",533.00,0.00,3.00,0.00,"16,334.00"
2015,1,Mendoza,287.00,24.00,"169,763.00",38.00,16.00,6.00,11.00,0.00,"170,145.00"
2015,1,Misiones,958.00,"11,136.00","51,906.00","12,387.00","8,543.00",194.00,26.00,0.00,"8,515.00"
2015,1,Neuquén,"1,895.00","2,577.00","80,787.00",170.00,"4,067.00",2.00,76.00,0.00,"89,574.00"
2015,1,Río Negro,"3,371.00","4,913.00","86,173.00",94.00,"2,632.00",2.00,42.00,0.00,"97,227.00"
2015,1,Salta,"1,123.00","14,151.00","64,992.00","13,955.00","2,569.00",15.00,5.00,0.00,"9,681.00"
2015,1,San Juan,8.00,445.00,"51,346.00",0.00,0.00,0.00,2.00,0.00,"51,801.00"
2015,1,San Luis,10.00,8.00,"1,272.00",0.00,1.00,0.00,2.00,0.00,"12,741.00"
2015,1,Santa Cruz,205.00,27.00,"26,048.00",2.00,0.00,0.00,0.00,0.00,"26,282.00"
2015,1,Santa Fe,"6,883.00","93,096.00","360,964.00","4,527.00","27,597.00","1,542.00",900.00,0.00,"536,252.00"
2015,1,Santiago Del Estero,701.00,"9,236.00","23,136.00","4,796.00",748.00,0.00,0.00,0.00,"38,617.00"
2015,1,Tierra Del Fuego,14.00,609.00,"36,319.00",2.00,0.00,0.00,0.00,0.00,"36,944.00"
2015,1,Tucumán,107.00,"27,143.00","83,895.00","23,061.00","3,722.00",334.00,0.00,0.00,"138,262.00"
2014,4,Buenos Aires,"8,226.00","132,937.00","2,250,445.00","20,362.00","104,322.00",997.00,"5,406.00",0.00,"2,705,954.00"
2014,4,Capital Federal,"2,698.00","62,896.00","1,038,269.00","123,451.00","95,772.00",890.00,"7,997.00",0.00,"1,331,972.00"
2014,4,Catamarca,21.00,"8,047.00","14,093.00",291.00,421.00,0.00,1.00,0.00,"25,493.00"
2014,4,Chaco,483.00,"12,837.00","42,106.00","7,908.00",26.00,124.00,2.00,0.00,"6,606.00"
2014,4,Chubut,"1,858.00","6,218.00","60,392.00",70.00,0.00,0.00,0.00,0.00,"68,538.00"
2014,4,Córdoba,"1,903.00","85,362.00","427,844.00","41,947.00","30,858.00","1,177.00",782.00,0.00,"589,873.00"
2014,4,Corrientes,40.00,"1,386.00","42,182.00","7,513.00","2,106.00",0.00,9.00,0.00,"6,571.00"
2014,4,Entre Ríos,"2,311.00","27,801.00","88,649.00","18,318.00","3,584.00",1.00,66.00,0.00,"14,073.00"
2014,4,Formosa,"1,947.00",783.00,"14,058.00","1,852.00",473.00,47.00,1.00,0.00,"26,208.00"
2014,4,Jujuy,188.00,"10,427.00","1,974.00","3,443.00",465.00,0.00,0.00,0.00,"35,955.00"
2014,4,La Pampa,"6,266.00","6,879.00","3,652.00",26.00,5.00,4.00,10.00,0.00,"4,971.00"
2014,4,La Rioja,9.00,"4,333.00","9,728.00","1,943.00",386.00,0.00,3.00,0.00,"16,402.00"
2014,4,Mendoza,303.00,19.00,"169,222.00",36.00,14.00,5.00,12.00,0.00,"169,611.00"
2014,4,Misiones,547.00,"1,184.00","53,093.00","8,731.00","2,952.00",54.00,12.00,0.00,"77,229.00"
2014,4,Neuquén,"1,731.00","2,744.00","80,938.00",126.00,"3,621.00",2.00,66.00,0.00,"89,228.00"
2014,4,Río Negro,364.00,"4,723.00","85,094.00",94.00,"2,319.00",4.00,30.00,0.00,"95,904.00"
2014,4,Salta,54.00,"16,214.00","63,221.00","12,552.00","1,922.00",0.00,4.00,0.00,"93,967.00"
2014,4,San Juan,11.00,478.00,"51,628.00",0.00,0.00,0.00,2.00,0.00,"52,119.00"
2014,4,San Luis,9.00,0.00,"13,135.00",0.00,0.00,1.00,2.00,0.00,"13,147.00"
2014,4,Santa Cruz,156.00,14.00,"24,145.00",1.00,1.00,0.00,0.00,0.00,"25,703.00"
2014,4,Santa Fe,"8,707.00","99,962.00","359,293.00","36,718.00","21,098.00",869.00,824.00,0.00,"527,471.00"
2014,4,Santiago Del Estero,"1,246.00","8,913.00","24,181.00","4,359.00",602.00,0.00,0.00,0.00,"39,301.00"
2014,4,Tierra Del Fuego,12.00,283.00,"31,489.00",2.00,0.00,0.00,0.00,0.00,"31,786.00"
2014,4,Tucumán,17.00,"28,746.00","85,091.00","20,631.00","2,733.00",196.00,0.00,0.00,"137,414.00"
2014,3,Buenos Aires,"7,355.00","128,187.00","2,281,524.00","156,693.00","68,947.00",243.00,"4,232.00",0.00,"2,647,181.00"
2014,3,Capital Federal,840.00,"78,016.00","1,060,145.00","10,217.00","70,907.00",95.00,"6,626.00",0.00,"1,318,799.00"
2014,3,Catamarca,19.00,"8,845.00","1,379.00","1,915.00",111.00,0.00,0.00,0.00,"2,468.00"
2014,3,Chaco,398.00,"14,731.00","41,934.00","5,428.00","1,274.00",5.00,0.00,0.00,"6,377.00"
2014,3,Chubut,"2,013.00","6,281.00","60,771.00",34.00,0.00,0.00,0.00,0.00,"69,099.00"
2014,3,Córdoba,660.00,"98,992.00","435,692.00","28,992.00","18,888.00",84.00,664.00,0.00,"583,972.00"
2014,3,Corrientes,21.00,"15,448.00","41,717.00","5,181.00","1,172.00",0.00,0.00,0.00,"63,539.00"
2014,3,Entre Ríos,"1,709.00","2,971.00","9,145.00","12,569.00",131.00,0.00,48.00,0.00,"136,796.00"
2014,3,Formosa,"2,001.00","8,323.00","14,202.00","1,324.00",85.00,0.00,0.00,0.00,"25,935.00"
2014,3,Jujuy,127.00,"10,979.00","20,216.00","2,305.00",82.00,0.00,0.00,0.00,"33,709.00"
2014,3,La Pampa,"6,458.00","6,645.00","41,009.00",24.00,5.00,4.00,10.00,0.00,"54,155.00"
2014,3,La Rioja,10.00,"4,785.00",972.00,"1,337.00",61.00,0.00,0.00,0.00,"15,913.00"
2014,3,Mendoza,35.00,0.00,"167,763.00",31.00,12.00,13.00,1.00,0.00,"167,855.00"
2014,3,Misiones,640.00,"13,637.00","5,351.00","5,928.00","1,606.00",0.00,1.00,0.00,"75,322.00"
2014,3,Neuquén,"1,522.00","3,099.00","8,009.00",107.00,"2,865.00",10.00,27.00,0.00,"8,772.00"
2014,3,Río Negro,364.00,"5,189.00","86,868.00",87.00,"1,944.00",8.00,9.00,0.00,"97,745.00"
2014,3,Salta,732.00,"17,481.00","66,026.00","8,314.00",388.00,0.00,0.00,0.00,"92,941.00"
2014,3,San Juan,8.00,487.00,"51,276.00",0.00,0.00,0.00,0.00,0.00,"51,771.00"
2014,3,San Luis,8.00,0.00,"13,029.00",0.00,0.00,3.00,0.00,0.00,"1,304.00"
2014,3,Santa Cruz,195.00,"1,624.00","24,248.00",1.00,1.00,0.00,0.00,0.00,"26,069.00"
2014,3,Santa Fe,823.00,"112,593.00","357,615.00","23,962.00","12,124.00",38.00,806.00,0.00,"515,368.00"
2014,3,Santiago Del Estero,791.00,"9,914.00","23,826.00","2,867.00",142.00,0.00,0.00,0.00,"3,754.00"
2014,3,Tierra Del Fuego,12.00,336.00,"32,348.00",2.00,0.00,0.00,0.00,0.00,"32,698.00"
2014,3,Tucumán,6.00,"32,716.00","84,668.00","14,101.00",559.00,4.00,0.00,0.00,"132,054.00"
2014,2,Buenos Aires,"6,902.00","162,274.00","2,288,772.00","140,226.00","56,549.00",284.00,"4,309.00",0.00,"2,659,316.00"
2014,2,Capital Federal,847.00,"81,431.00","1,078,213.00","87,359.00","56,004.00",59.00,"6,427.00",0.00,"1,310,340.00"
2014,2,Catamarca,19.00,"8,844.00","13,794.00","1,915.00",111.00,0.00,0.00,0.00,"24,683.00"
2014,2,Chaco,412.00,"14,854.00","4,153.00","5,418.00","1,085.00",5.00,0.00,0.00,"63,304.00"
2014,2,Chubut,"2,064.00","6,582.00","61,868.00",0.00,0.00,0.00,0.00,0.00,"70,514.00"
2014,2,Córdoba,"2,105.00","101,598.00","429,536.00","28,698.00","14,824.00",76.00,627.00,0.00,"577,464.00"
2014,2,Corrientes,20.00,"15,563.00","41,219.00","5,199.00",956.00,0.00,0.00,0.00,"62,957.00"
2014,2,Entre Ríos,"2,187.00","32,781.00","86,757.00","12,564.00","1,162.00",0.00,44.00,0.00,"135,495.00"
2014,2,Formosa,"2,032.00","8,218.00","13,944.00","1,321.00",85.00,0.00,0.00,0.00,256.00
2014,2,Jujuy,"1,873.00","11,233.00","18,851.00","2,305.00",82.00,0.00,0.00,0.00,"34,344.00"
2014,2,La Pampa,"7,032.00","6,761.00","34,089.00",18.00,5.00,4.00,10.00,0.00,"47,919.00"
2014,2,La Rioja,10.00,"4,785.00","9,719.00","1,337.00",61.00,0.00,0.00,0.00,"15,912.00"
2014,2,Mendoza,35.00,6.00,"16,671.00",31.00,10.00,5.00,10.00,0.00,"166,807.00"
2014,2,Misiones,540.00,"13,644.00","53,245.00","5,924.00","1,334.00",2.00,0.00,0.00,"74,689.00"
2014,2,Neuquén,"1,531.00","3,206.00","79,087.00",92.00,"2,289.00",2.00,30.00,0.00,"86,237.00"
2014,2,Río Negro,"3,468.00","5,507.00","84,978.00",78.00,"1,569.00",2.00,8.00,0.00,"9,561.00"
2014,2,Salta,53.00,"18,818.00","6,444.00","8,293.00",388.00,0.00,0.00,0.00,"91,992.00"
2014,2,San Juan,10.00,507.00,"51,129.00",0.00,0.00,0.00,0.00,0.00,"51,646.00"
2014,2,San Luis,7.00,0.00,"13,045.00",0.00,0.00,1.00,2.00,0.00,"13,055.00"
2014,2,Santa Cruz,153.00,"1,637.00","25,374.00",2.00,0.00,0.00,0.00,0.00,"27,166.00"
2014,2,Santa Fe,"8,515.00","115,197.00","353,559.00","23,939.00","10,058.00",34.00,792.00,0.00,"512,094.00"
2014,2,Santiago Del Estero,"1,231.00","9,914.00","23,842.00","2,867.00",142.00,0.00,0.00,0.00,"37,996.00"
2014,2,Tierra Del Fuego,12.00,334.00,"31,198.00",2.00,0.00,0.00,0.00,0.00,"31,546.00"
2014,2,Tucumán,6.00,"32,714.00","84,675.00","14,101.00",559.00,4.00,0.00,0.00,"132,059.00"
2014,1,Buenos Aires,"8,469.00","171,244.00","2,279,875.00","121,787.00","38,923.00",206.00,"4,037.00",0.00,"2,624,542.00"
2014,1,Capital Federal,852.00,"88,826.00","1,096,050.00","70,293.00","38,798.00",55.00,"6,208.00",0.00,"1,301,081.00"
2014,1,Catamarca,19.00,"9,147.00","1,333.00","1,672.00",64.00,0.00,0.00,0.00,"24,232.00"
2014,1,Chaco,438.00,"15,849.00","40,869.00","4,644.00",741.00,5.00,0.00,0.00,"62,546.00"
2014,1,Chubut,"7,452.00",10.00,"61,329.00",0.00,0.00,0.00,0.00,0.00,"68,791.00"
2014,1,Córdoba,"2,076.00","107,705.00","423,114.00","24,112.00","9,818.00",40.00,588.00,0.00,"567,453.00"
2014,1,Corrientes,20.00,"16,357.00","40,742.00","4,486.00",630.00,0.00,0.00,0.00,"62,235.00"
2014,1,Entre Ríos,"2,177.00","35,206.00","85,248.00","10,828.00",746.00,0.00,43.00,0.00,"134,248.00"
2014,1,Formosa,"2,062.00","8,475.00","13,685.00","1,133.00",67.00,0.00,0.00,0.00,"25,422.00"
2014,1,Jujuy,"1,832.00","11,498.00","18,415.00","2,002.00",56.00,0.00,0.00,0.00,"33,803.00"
2014,1,La Pampa,"7,434.00","6,535.00","32,501.00",17.00,5.00,4.00,10.00,0.00,"46,506.00"
2014,1,La Rioja,10.00,"5,111.00",939.00,"1,165.00",35.00,0.00,0.00,0.00,"15,711.00"
2014,1,Mendoza,35.00,6.00,"166,655.00",19.00,10.00,6.00,9.00,0.00,"16,674.00"
2014,1,Misiones,545.00,"1,446.00","52,852.00","5,139.00",958.00,0.00,0.00,0.00,"73,954.00"
2014,1,Neuquén,"4,133.00",987.00,"77,148.00",84.00,"1,582.00",2.00,22.00,0.00,"83,958.00"
2014,1,Río Negro,467.00,"4,618.00","84,304.00",73.00,"1,062.00",1.00,8.00,0.00,"94,736.00"
2014,1,Salta,53.00,"19,677.00","64,061.00","7,192.00",314.00,0.00,0.00,0.00,"91,297.00"
2014,1,San Juan,531.00,2.00,"51,056.00",0.00,0.00,0.00,0.00,0.00,"51,589.00"
2014,1,San Luis,7.00,3.00,"12,544.00",0.00,1.00,0.00,2.00,0.00,"12,557.00"
2014,1,Santa Cruz,161.00,"1,625.00","24,972.00",1.00,1.00,0.00,0.00,0.00,"2,676.00"
2014,1,Santa Fe,"8,456.00","124,468.00","345,225.00","20,328.00","6,845.00",23.00,668.00,0.00,"506,013.00"
2014,1,Santiago Del Estero,"1,234.00","10,531.00","22,817.00","2,422.00",109.00,0.00,0.00,0.00,"37,113.00"
2014,1,Tierra Del Fuego,12.00,607.00,"30,902.00",6.00,0.00,0.00,0.00,0.00,"31,527.00"
2014,1,Tucumán,6.00,"34,672.00","8,321.00","11,779.00",362.00,3.00,0.00,0.00,"130,032.00"