Año,Trimestre,Provincia,ADSL,Cablemodem,Fibra óptica,Wireless,Otros,Total
2022,2,Buenos Aires,"350,652.00","2,719,613.00","1,399,043.00","126,847.00","71,028.00","4,667,183.00"
2022,2,Capital Federal,"145,491.00","1,232,226.00","121,506.00","5,757.00","31,791.00","1,536,771.00"
2022,2,Catamarca,"11,928.00",943.00,"42,087.00","1,329.00","2,234.00","67,008.00"
2022,2,Chaco,"29,552.00","61,284.00","42,194.00","8,178.00","2,356.00","143,564.00"
2022,2,Chubut,"45,377.00","69,242.00","9,574.00","29,784.00","8,828.00","162,805.00"
2022,2,Córdoba,"179,181.00","467,595.00","308,895.00","61,107.00","9,657.00","1,026,435.00"
2022,2,Corrientes,"38,468.00","75,769.00","18,181.00","7,256.00","5,323.00","144,997.00"
2022,2,Entre Ríos,"63,794.00","131,029.00","35,839.00","26,098.00","12,592.00","269,352.00"
2022,2,Formosa,"15,397.00","25,487.00","9,875.00","1,691.00",212.00,"67,881.00"
2022,2,Jujuy,"20,303.00","54,495.00","34,184.00","3,955.00","2,377.00","115,314.00"
2022,2,La Pampa,"7,796.00","59,273.00","22,994.00",202.00,"1,264.00","111,527.00"
2022,2,La Rioja,"7,759.00","52,656.00","19,189.00","6,395.00",31.00,"8,603.00"
2022,2,Mendoza,"37,663.00","77,504.00","135,504.00","26,964.00","1,927.00","279,562.00"
2022,2,Misiones,"37,208.00","8,926.00","33,649.00","11,074.00","7,622.00","178,813.00"
2022,2,Neuquén,"29,749.00","74,905.00","28,824.00","27,371.00","1,119.00","161,968.00"
2022,2,Río Negro,"3,605.00","4,704.00","40,946.00","1,676.00","18,968.00","159,764.00"
2022,2,Salta,"42,665.00","96,178.00","47,076.00","10,068.00",719.00,"203,177.00"
2022,2,San Juan,"3,857.00","19,734.00","12,328.00","21,859.00","7,916.00","100,407.00"
2022,2,San Luis,686.00,"29,034.00",248.00,"70,614.00","14,985.00","121,741.00"
2022,2,Santa Cruz,"1,017.00","23,725.00","10,815.00","3,896.00",579.00,"49,185.00"
2022,2,Santa Fe,"198,492.00","428,233.00","189,503.00","43,081.00","1,955.00","878,859.00"
2022,2,Santiago Del Estero,"16,561.00","80,338.00","11,605.00","6,618.00","2,922.00","118,044.00"
2022,2,Tierra Del Fuego,"12,754.00","39,837.00",403.00,125.00,651.00,"5,377.00"
2022,2,Tucumán,"85,893.00","15,327.00","148,823.00","3,997.00",487.00,"254,527.00"
2022,1,Buenos Aires,"392,045.00","2,728,865.00","1,242,121.00","125,521.00","66,872.00","4,555,424.00"
2022,1,Capital Federal,"10,229.00","1,217,225.00","62,308.00","5,784.00","29,934.00","1,417,541.00"
2022,1,Catamarca,"14,181.00","15,517.00","29,118.00","1,328.00","2,234.00","62,378.00"
2022,1,Chaco,"32,391.00","64,546.00","36,662.00","8,164.00","2,356.00","144,119.00"
2022,1,Chubut,"44,133.00","66,667.00","9,184.00","30,592.00","21,052.00","171,628.00"
2022,1,Córdoba,"19,561.00","501,799.00","235,838.00","60,843.00","9,713.00","1,003,803.00"
2022,1,Corrientes,"40,462.00","79,093.00","10,875.00","6,774.00","5,374.00","142,578.00"
2022,1,Entre Ríos,"67,159.00","138,986.00","23,091.00","26,098.00","12,592.00","267,926.00"
2022,1,Formosa,"16,397.00","15,927.00","5,146.00","16,876.00",202.00,"54,548.00"
2022,1,Jujuy,"21,307.00","60,616.00","25,949.00","4,662.00","3,975.00","116,509.00"
2022,1,La Pampa,"8,003.00","58,978.00","21,739.00","19,903.00","1,109.00","109,732.00"
2022,1,La Rioja,"9,103.00","59,228.00","9,546.00","6,395.00",31.00,"84,303.00"
2022,1,Mendoza,"49,464.00","74,145.00","123,228.00","26,969.00","1,379.00","275,185.00"
2022,1,Misiones,"39,147.00","91,752.00","25,178.00","7,807.00","7,624.00","171,508.00"
2022,1,Neuquén,"28,443.00",732.00,"24,193.00","23,098.00",745.00,"149,679.00"
2022,1,Río Negro,"38,662.00","45,366.00","38,037.00","16,815.00","18,494.00","157,374.00"
2022,1,Salta,"44,714.00","98,667.00","40,994.00",595.00,719.00,"197,515.00"
2022,1,San Juan,"34,038.00","14,449.00","11,294.00","20,723.00","7,674.00","88,178.00"
2022,1,San Luis,"7,987.00","11,296.00",31.00,"71,809.00","28,721.00","119,844.00"
2022,1,Santa Cruz,"10,537.00","2,342.00","10,766.00","3,974.00",405.00,"49,102.00"
2022,1,Santa Fe,"213,486.00","444,609.00","146,552.00","45,261.00","20,571.00","870,479.00"
2022,1,Santiago Del Estero,"18,118.00","87,979.00","1,093.00","6,349.00","2,922.00","116,461.00"
2022,1,Tierra Del Fuego,"13,031.00",387.00,416.00,124.00,340.00,"52,611.00"
2022,1,Tucumán,"92,532.00","62,396.00","86,174.00","3,995.00",487.00,"245,584.00"
2021,4,Buenos Aires,"426,325.00","2,706,506.00","1,176,024.00","126,887.00","73,415.00","4,509,157.00"
2021,4,Capital Federal,"11,136.00","1,205,128.00","60,005.00","5,679.00","29,947.00","1,412,119.00"
2021,4,Catamarca,"16,385.00","13,858.00",251.00,"1,512.00","2,235.00","5,909.00"
2021,4,Chaco,"35,548.00","63,145.00","34,688.00","8,005.00","2,359.00","143,745.00"
2021,4,Chubut,"46,361.00","57,412.00","9,655.00","28,041.00","18,839.00","160,308.00"
2021,4,Córdoba,"212,011.00","487,489.00","217,214.00","61,277.00","8,779.00","98,677.00"
2021,4,Corrientes,"42,523.00","71,183.00","10,138.00","6,778.00",529.00,"135,912.00"
2021,4,Entre Ríos,"70,459.00","133,387.00","23,452.00","25,022.00","12,726.00","265,046.00"
2021,4,Formosa,"17,211.00","15,111.00","5,151.00","16,018.00",172.00,"53,663.00"
2021,4,Jujuy,"2,233.00","60,511.00","24,156.00","2,927.00","3,991.00","113,915.00"
2021,4,La Pampa,"8,175.00",58.00,"20,192.00","19,286.00","1,354.00","107,007.00"
2021,4,La Rioja,"10,387.00","56,651.00","9,446.00","6,613.00",31.00,"83,128.00"
2021,4,Mendoza,"59,842.00","71,553.00","109,667.00","24,666.00","1,859.00","267,587.00"
2021,4,Misiones,"41,778.00","92,068.00","22,035.00","7,649.00","7,602.00","171,132.00"
2021,4,Neuquén,"29,175.00","72,761.00","23,253.00","21,531.00",746.00,"147,466.00"
2021,4,Río Negro,"42,037.00","44,495.00","32,212.00","16,558.00","18,451.00","153,753.00"
2021,4,Salta,"46,972.00","99,808.00","39,555.00","5,882.00","7,188.00","199,405.00"
2021,4,San Juan,"35,868.00","13,102.00","11,072.00","11,423.00","8,493.00","79,958.00"
2021,4,San Luis,"8,472.00","11,064.00",30.00,"7,056.00","28,723.00","118,849.00"
2021,4,Santa Cruz,"1,079.00","22,902.00","10,031.00","4,346.00",417.00,"48,486.00"
2021,4,Santa Fe,"233,427.00","444,373.00","128,856.00","43,556.00","16,229.00","866,441.00"
2021,4,Santiago Del Estero,"19,032.00","86,563.00","1,088.00","6,256.00","2,922.00","115,861.00"
2021,4,Tierra Del Fuego,"13,317.00","38,148.00",426.00,124.00,342.00,"52,357.00"
2021,4,Tucumán,"9,783.00","59,022.00","7,879.00","2,511.00",486.00,"238,639.00"
2021,3,Buenos Aires,"585,729.00","2,595,485.00","885,613.00","120,228.00","64,554.00","4,251,609.00"
2021,3,Capital Federal,"142,902.00","1,192,107.00","42,966.00","6,059.00","29,371.00","1,413,405.00"
2021,3,Catamarca,"18,413.00","11,709.00","22,331.00","1,568.00","2,233.00","56,254.00"
2021,3,Chaco,"38,258.00","63,659.00","27,583.00","8,018.00","2,353.00","139,871.00"
2021,3,Chubut,"49,269.00","55,794.00","8,946.00","23,376.00","18,681.00","156,066.00"
2021,3,Córdoba,"229,275.00","477,223.00","167,495.00","57,617.00","15,178.00","946,788.00"
2021,3,Corrientes,"44,805.00","69,403.00","7,542.00","6,766.00","5,303.00","133,819.00"
2021,3,Entre Ríos,"74,443.00","128,752.00","20,485.00",235.00,"13,195.00","260,375.00"
2021,3,Formosa,"18,093.00","14,111.00",473.00,"1,569.00",171.00,"52,795.00"
2021,3,Jujuy,"23,554.00","60,758.00","19,926.00","2,952.00","3,968.00","111,158.00"
2021,3,La Pampa,"9,015.00","57,881.00","17,817.00","14,479.00","1,295.00","100,487.00"
2021,3,La Rioja,"11,329.00","54,744.00","9,444.00","6,613.00",30.00,"8,216.00"
2021,3,Mendoza,"91,474.00","71,247.00","70,579.00","21,811.00",828.00,"255,939.00"
2021,3,Misiones,"4,323.00","89,469.00","10,969.00","7,198.00","7,662.00","158,528.00"
2021,3,Neuquén,"2,965.00","73,794.00","16,455.00","1,927.00",640.00,"139,809.00"
2021,3,Río Negro,"47,934.00","44,519.00","18,725.00","15,031.00","18,376.00","144,585.00"
2021,3,Salta,"49,212.00","98,318.00","36,126.00","5,724.00","6,453.00","195,833.00"
2021,3,San Juan,"40,072.00","12,922.00",667.00,"11,372.00","8,447.00","79,483.00"
2021,3,San Luis,"8,417.00","11,884.00",27.00,"68,856.00","2,868.00","117,864.00"
2021,3,Santa Cruz,"12,347.00","22,961.00","6,328.00","4,269.00","3,071.00","48,976.00"
2021,3,Santa Fe,"245,929.00","443,156.00","93,412.00","43,447.00","1,564.00","841,584.00"
2021,3,Santiago Del Estero,"19,939.00","85,535.00",909.00,"6,147.00","2,928.00","115,458.00"
2021,3,Tierra Del Fuego,"12,853.00","36,958.00",6.00,16.00,390.00,"50,223.00"
2021,3,Tucumán,"104,489.00","53,868.00","70,964.00","2,408.00",743.00,"232,472.00"
2021,2,Buenos Aires,"603,255.00","2,503,830.00","854,173.00","113,546.00","57,547.00","4,132,351.00"
2021,2,Capital Federal,"148,989.00","1,175,097.00","41,318.00",558.00,"29,371.00","1,400,355.00"
2021,2,Catamarca,"20,305.00","9,426.00","22,331.00","1,449.00","2,233.00","55,744.00"
2021,2,Chaco,"39,826.00","62,948.00","27,584.00","8,018.00","2,353.00","140,729.00"
2021,2,Chubut,"49,271.00","41,497.00","6,081.00","23,682.00","18,706.00","139,237.00"
2021,2,Córdoba,"23,978.00","467,782.00","151,855.00","55,944.00","15,519.00","93,088.00"
2021,2,Corrientes,"46,648.00","67,262.00","3,731.00","6,557.00","5,303.00","129,501.00"
2021,2,Entre Ríos,"77,836.00","124,957.00","17,856.00","23,786.00","13,197.00","257,632.00"
2021,2,Formosa,"19,571.00","12,509.00",361.00,"1,569.00",171.00,"51,551.00"
2021,2,Jujuy,"24,738.00",608.00,"19,611.00","2,731.00","3,968.00","111,848.00"
2021,2,La Pampa,"9,017.00","57,014.00","17,132.00","13,209.00","1,295.00","97,667.00"
2021,2,La Rioja,"11,627.00","54,255.00","9,445.00","6,245.00",30.00,"81,602.00"
2021,2,Mendoza,"91,503.00","70,834.00","44,696.00","21,811.00",827.00,"229,671.00"
2021,2,Misiones,"4,496.00","87,861.00","10,376.00","5,317.00","7,662.00","156,176.00"
2021,2,Neuquén,"30,083.00","7,269.00","15,619.00","19,218.00",640.00,"13,825.00"
2021,2,Río Negro,"48,189.00","43,761.00","18,727.00","15,031.00","18,376.00","144,084.00"
2021,2,Salta,"51,396.00","96,016.00","3,205.00","5,724.00","6,453.00","191,639.00"
2021,2,San Juan,"40,072.00","12,369.00","6,673.00","11,372.00","8,447.00","78,933.00"
2021,2,San Luis,"8,417.00","11,308.00",28.00,"6,686.00","36,205.00","122,818.00"
2021,2,Santa Cruz,"12,347.00","22,967.00","6,328.00","4,269.00","3,071.00","48,982.00"
2021,2,Santa Fe,"256,741.00","431,915.00","90,424.00","43,997.00","17,523.00","8,406.00"
2021,2,Santiago Del Estero,"20,734.00","8,377.00",909.00,"5,081.00","3,596.00","11,409.00"
2021,2,Tierra Del Fuego,"12,853.00","22,504.00",6.00,14.00,316.00,"35,693.00"
2021,2,Tucumán,"110,429.00","48,359.00","71,683.00","1,837.00",743.00,"233,051.00"
2021,1,Buenos Aires,"629,679.00","2,452,056.00","821,597.00","98,806.00","57,864.00","4,060,002.00"
2021,1,Capital Federal,"159,805.00","1,145,093.00","3,998.00","5,559.00","29,236.00","1,379,673.00"
2021,1,Catamarca,"26,316.00","4,409.00","18,688.00",322.00,"2,233.00","51,968.00"
2021,1,Chaco,"43,214.00","61,251.00","25,426.00","8,004.00","1,875.00","13,977.00"
2021,1,Chubut,"45,501.00","4,096.00","3,444.00","23,723.00","18,712.00","13,234.00"
2021,1,Córdoba,"26,035.00","444,695.00","134,634.00","54,137.00","17,065.00","910,881.00"
2021,1,Corrientes,"4,916.00","62,876.00","3,337.00","5,949.00","5,303.00","126,625.00"
2021,1,Entre Ríos,"83,688.00","118,424.00","16,846.00","20,836.00","12,169.00","251,963.00"
2021,1,Formosa,"20,663.00","11,412.00","2,562.00","15,669.00",380.00,"50,686.00"
2021,1,Jujuy,"32,254.00","54,324.00","17,322.00","2,677.00","3,879.00","110,456.00"
2021,1,La Pampa,"8,946.00","58,711.00","15,779.00","12,369.00",13.00,"97,105.00"
2021,1,La Rioja,"17,363.00","34,984.00",1.00,250.00,30.00,"52,628.00"
2021,1,Mendoza,"91,844.00","69,295.00","38,619.00","18,332.00",833.00,"218,923.00"
2021,1,Misiones,"48,292.00","82,339.00","7,064.00","4,796.00","6,896.00","149,387.00"
2021,1,Neuquén,"30,223.00","70,457.00","14,171.00","17,752.00",632.00,"133,235.00"
2021,1,Río Negro,"48,777.00","42,192.00","17,828.00","13,994.00","18,377.00","141,168.00"
2021,1,Salta,"54,768.00","89,187.00","31,498.00","5,669.00","6,452.00","187,574.00"
2021,1,San Juan,"40,072.00","11,589.00","6,671.00","11,482.00","8,453.00","78,267.00"
2021,1,San Luis,"8,417.00","10,678.00",28.00,"63,826.00","36,205.00","119,154.00"
2021,1,Santa Cruz,"12,347.00","23,089.00","5,975.00","4,264.00",390.00,"46,065.00"
2021,1,Santa Fe,"277,012.00","42,148.00","70,976.00","3,914.00","17,519.00","826,127.00"
2021,1,Santiago Del Estero,"26,468.00","75,849.00",570.00,"5,158.00","3,596.00","111,641.00"
2021,1,Tierra Del Fuego,"12,853.00","27,247.00",6.00,0.00,316.00,"40,422.00"
2021,1,Tucumán,"147,199.00","12,185.00","69,954.00","1,834.00",740.00,"231,912.00"
2020,4,Buenos Aires,"635,651.00","2,441,248.00","804,991.00","93,444.00","57,927.00","4,033,261.00"
2020,4,Capital Federal,"16,306.00","1,142,528.00","3,989.00","4,815.00","29,237.00","1,379,530.00"
2020,4,Catamarca,"2,687.00","5,115.00","17,856.00",322.00,"2,233.00","52,396.00"
2020,4,Chaco,"44,332.00",612.00,"23,687.00","7,997.00","1,875.00","139,091.00"
2020,4,Chubut,"45,703.00","39,756.00",304.00,"23,363.00","18,712.00","130,574.00"
2020,4,Córdoba,"267,396.00","439,322.00","12,562.00","52,827.00","17,536.00","902,701.00"
2020,4,Corrientes,"50,102.00","61,495.00","3,146.00","5,626.00",529.00,"125,659.00"
2020,4,Entre Ríos,"85,683.00","11,367.00","15,653.00","20,206.00","12,169.00","247,381.00"
2020,4,Formosa,"21,264.00","10,789.00","2,432.00","15,341.00",380.00,"50,206.00"
2020,4,Jujuy,"3,285.00","52,815.00","15,639.00","1,077.00",347.00,"105,851.00"
2020,4,La Pampa,"9,009.00","58,945.00","15,432.00","12,194.00","1,315.00","96,895.00"
2020,4,La Rioja,"17,513.00","34,984.00",1.00,250.00,30.00,"52,778.00"
2020,4,Mendoza,"91,842.00","68,364.00","36,083.00","18,331.00",833.00,"215,453.00"
2020,4,Misiones,"49,462.00","79,855.00","6,589.00","4,359.00","6,896.00","147,161.00"
2020,4,Neuquén,"30,468.00","70,614.00","13,732.00","17,689.00",632.00,"133,135.00"
2020,4,Río Negro,"48,991.00","42,022.00","17,826.00","13,994.00","18,377.00","14,121.00"
2020,4,Salta,"56,659.00","87,817.00","30,604.00","5,858.00","6,452.00","18,739.00"
2020,4,San Juan,"40,072.00","7,004.00","6,599.00","10,468.00","8,453.00","72,596.00"
2020,4,San Luis,"8,417.00","11,767.00",27.00,"63,019.00","36,205.00","119,435.00"
2020,4,Santa Cruz,"12,347.00","19,657.00","1,041.00","4,659.00",297.00,"40,674.00"
2020,4,Santa Fe,"287,271.00","414,746.00","62,692.00","38,712.00","17,392.00","820,813.00"
2020,4,Santiago Del Estero,"26,812.00","70,522.00",570.00,"5,169.00","3,596.00","106,669.00"
2020,4,Tierra Del Fuego,"12,853.00","26,439.00",6.00,0.00,316.00,"39,614.00"
2020,4,Tucumán,"149,322.00","1,115.00","68,043.00","1,834.00",740.00,"231,089.00"
2020,3,Buenos Aires,"65,393.00","2,384,557.00","749,087.00","94,162.00","55,541.00","3,937,277.00"
2020,3,Capital Federal,"170,375.00","1,129,573.00","39,417.00","3,936.00","29,374.00","1,372,675.00"
2020,3,Catamarca,"26,868.00",369.00,"16,857.00",261.00,"2,228.00","49,904.00"
2020,3,Chaco,"45,745.00","58,825.00","20,675.00","6,706.00","2,003.00","133,954.00"
2020,3,Chubut,"45,761.00","39,386.00","2,897.00","23,216.00","18,767.00","130,027.00"
2020,3,Córdoba,"27,636.00","430,771.00","102,217.00","48,368.00","9,756.00","867,472.00"
2020,3,Corrientes,"50,858.00","58,681.00",296.00,"5,513.00","5,379.00","123,391.00"
2020,3,Entre Ríos,"87,892.00","10,695.00","13,954.00","20,379.00","1,232.00","241,495.00"
2020,3,Formosa,"2,179.00","10,003.00",2.00,"15,023.00",393.00,"49,209.00"
2020,3,Jujuy,"32,611.00","57,682.00","11,112.00",952.00,"4,371.00","106,728.00"
2020,3,La Pampa,"9,015.00","56,845.00","14,677.00","11,893.00","1,305.00","93,735.00"
2020,3,La Rioja,"17,346.00","34,984.00",1.00,250.00,35.00,"52,616.00"
2020,3,Mendoza,"91,908.00","64,672.00","32,817.00","17,523.00",868.00,"207,788.00"
2020,3,Misiones,"50,195.00","77,989.00","2,572.00","3,445.00","8,985.00","143,186.00"
2020,3,Neuquén,"30,222.00","70,446.00","11,043.00","16,787.00",737.00,"129,235.00"
2020,3,Río Negro,"4,953.00","40,001.00","10,381.00","13,187.00","18,368.00","131,467.00"
2020,3,Salta,"58,216.00","84,128.00","25,445.00","5,764.00","7,293.00","180,846.00"
2020,3,San Juan,"40,092.00","9,223.00","5,509.00","14,023.00",848.00,"77,327.00"
2020,3,San Luis,"8,401.00","10,077.00",6.00,"61,828.00","36,253.00","116,565.00"
2020,3,Santa Cruz,"12,845.00","16,098.00","1,027.00","6,938.00","2,373.00","39,281.00"
2020,3,Santa Fe,"295,051.00","405,807.00","45,721.00","37,112.00","19,307.00","802,998.00"
2020,3,Santiago Del Estero,"26,419.00","7,072.00",555.00,"4,185.00","3,613.00","105,492.00"
2020,3,Tierra Del Fuego,"12,854.00","26,491.00",0.00,0.00,310.00,"39,655.00"
2020,3,Tucumán,"149,605.00","11,752.00","59,949.00","1,808.00",762.00,"223,876.00"
2020,2,Buenos Aires,"661,272.00","2,244,277.00","723,072.00","91,736.00","57,189.00","3,777,546.00"
2020,2,Capital Federal,"178,896.00","1,106,133.00","39,482.00","3,937.00","29,373.00","1,357,821.00"
2020,2,Catamarca,"26,968.00","3,641.00","14,878.00",261.00,"2,228.00","47,976.00"
2020,2,Chaco,"46,816.00","56,017.00","17,266.00","6,452.00","1,581.00","128,132.00"
2020,2,Chubut,"45,761.00","38,279.00","1,324.00","17,678.00","5,614.00","108,656.00"
2020,2,Córdoba,"282,858.00","415,007.00","85,818.00","44,522.00","8,263.00","836,468.00"
2020,2,Corrientes,"51,248.00","55,536.00","3,144.00","3,927.00","5,011.00","118,866.00"
2020,2,Entre Ríos,"89,391.00","99,423.00","13,954.00","20,042.00","11,303.00","234,113.00"
2020,2,Formosa,"21,805.00","9,353.00","1,882.00","14,723.00",169.00,"47,932.00"
2020,2,Jujuy,"32,705.00","38,938.00","5,057.00",952.00,"16,664.00","94,316.00"
2020,2,La Pampa,"8,551.00","54,422.00","14,232.00","11,314.00",129.00,"89,809.00"
2020,2,La Rioja,"16,885.00","34,984.00",1.00,250.00,35.00,"52,155.00"
2020,2,Mendoza,"91,904.00","62,941.00","29,613.00","15,924.00",802.00,"201,184.00"
2020,2,Misiones,"50,792.00","74,497.00","2,579.00","3,319.00","9,153.00","14,034.00"
2020,2,Neuquén,"30,256.00","6,799.00","11,037.00","15,755.00","1,134.00","126,172.00"
2020,2,Río Negro,"49,756.00","3,965.00","10,382.00","11,331.00","18,367.00","129,486.00"
2020,2,Salta,"59,502.00","8,174.00","24,289.00","5,123.00","7,108.00","177,762.00"
2020,2,San Juan,"40,092.00","8,275.00","5,509.00","7,019.00","8,882.00","69,777.00"
2020,2,San Luis,"8,401.00","8,357.00",6.00,"60,935.00","36,253.00","113,952.00"
2020,2,Santa Cruz,"12,845.00","16,044.00","1,027.00","6,585.00","2,368.00","38,869.00"
2020,2,Santa Fe,"299,974.00","381,679.00","46,698.00","30,487.00","19,094.00","777,932.00"
2020,2,Santiago Del Estero,"25,917.00","72,074.00",355.00,"3,038.00","4,063.00","105,447.00"
2020,2,Tierra Del Fuego,"12,854.00","26,025.00",0.00,0.00,310.00,"39,189.00"
2020,2,Tucumán,"150,084.00","9,833.00","5,512.00","1,357.00",762.00,"217,156.00"
2020,1,Buenos Aires,"673,237.00","2,210,349.00","720,688.00","85,443.00","18,334.00","3,708,051.00"
2020,1,Capital Federal,"184,494.00","1,097,635.00","38,898.00","3,911.00","28,556.00","1,353,494.00"
2020,1,Catamarca,"21,945.00","3,146.00","12,056.00",261.00,"2,227.00","39,635.00"
2020,1,Chaco,"46,356.00","54,144.00","11,958.00","6,239.00",158.00,"120,277.00"
2020,1,Chubut,"45,763.00","27,287.00","1,324.00","16,885.00","5,479.00","96,738.00"
2020,1,Córdoba,"286,168.00","406,109.00","68,512.00","41,617.00","8,693.00","811,099.00"
2020,1,Corrientes,"51,126.00","53,231.00","2,172.00","2,437.00","5,004.00","11,397.00"
2020,1,Entre Ríos,"90,368.00","95,434.00","13,245.00","18,737.00","14,062.00","231,846.00"
2020,1,Formosa,"21,068.00","8,887.00",18.00,"1,451.00",169.00,"46,434.00"
2020,1,Jujuy,"32,066.00","38,938.00","3,078.00",942.00,"16,641.00","91,665.00"
2020,1,La Pampa,"8,553.00","53,755.00","13,821.00","11,295.00","1,802.00","89,226.00"
2020,1,La Rioja,"13,076.00","34,984.00",0.00,251.00,29.00,"4,834.00"
2020,1,Mendoza,"91,955.00","50,251.00","28,059.00","12,465.00",722.00,"183,452.00"
2020,1,Misiones,"51,458.00","69,452.00",122.00,460.00,"10,962.00","133,552.00"
2020,1,Neuquén,"29,305.00","65,951.00","11,031.00","14,711.00",729.00,"121,727.00"
2020,1,Río Negro,"47,756.00","38,479.00","10,381.00","11,222.00","18,362.00","1,262.00"
2020,1,Salta,"60,426.00","75,593.00","23,025.00","4,125.00","7,212.00","170,381.00"
2020,1,San Juan,"40,092.00","6,448.00","5,508.00","7,082.00","5,101.00","64,231.00"
2020,1,San Luis,"8,301.00","7,612.00",5.00,"58,301.00","36,333.00","110,552.00"
2020,1,Santa Cruz,"12,845.00","15,766.00","1,026.00","6,817.00","2,368.00","38,822.00"
2020,1,Santa Fe,"302,366.00","383,673.00","35,123.00","30,488.00","19,468.00","771,118.00"
2020,1,Santiago Del Estero,"24,695.00","70,424.00",200.00,"2,779.00","4,657.00","102,755.00"
2020,1,Tierra Del Fuego,"12,854.00","25,632.00",0.00,0.00,308.00,"38,794.00"
2020,1,Tucumán,"143,184.00","10,494.00","44,687.00","1,355.00",347.00,"200,067.00"
2019,4,Buenos Aires,"720,011.00","2,191,672.00","669,194.00","87,111.00","18,266.00","3,686,254.00"
2019,4,Capital Federal,"196,938.00","1,093,143.00","35,534.00","3,914.00","28,576.00","1,358,105.00"
2019,4,Catamarca,"22,999.00","3,318.00","9,506.00",261.00,"2,227.00","38,311.00"
2019,4,Chaco,"48,661.00","53,602.00","8,831.00","5,229.00",158.00,"117,903.00"
2019,4,Chubut,"47,045.00","26,977.00","1,324.00","15,267.00","5,489.00","96,102.00"
2019,4,Córdoba,"296,872.00","410,038.00","53,335.00","3,775.00","8,693.00","806,688.00"
2019,4,Corrientes,"52,525.00","51,845.00","2,002.00","2,458.00","5,004.00","113,834.00"
2019,4,Entre Ríos,"92,981.00","99,206.00","12,875.00","18,561.00","15,407.00","23,903.00"
2019,4,Formosa,"21,567.00","8,684.00",176.00,"14,531.00",169.00,"46,711.00"
2019,4,Jujuy,"32,949.00","37,604.00",873.00,814.00,"16,641.00","88,881.00"
2019,4,La Pampa,"15,457.00","56,854.00","4,942.00","11,341.00","1,805.00","90,399.00"
2019,4,La Rioja,"13,738.00","34,984.00",0.00,251.00,29.00,"49,002.00"
2019,4,Mendoza,"96,678.00","49,711.00","24,989.00","13,672.00",730.00,"18,578.00"
2019,4,Misiones,"53,116.00","69,676.00",847.00,441.00,"11,733.00","135,813.00"
2019,4,Neuquén,"29,826.00","6,097.00","10,549.00","14,246.00",854.00,"116,445.00"
2019,4,Río Negro,"49,747.00","37,933.00","9,658.00","11,437.00","18,365.00","12,714.00"
2019,4,Salta,"63,272.00","76,062.00","21,865.00",304.00,"8,206.00","172,445.00"
2019,4,San Juan,"4,136.00","6,338.00","4,931.00","7,241.00","5,104.00","64,974.00"
2019,4,San Luis,"8,569.00","8,027.00",6.00,"55,266.00","36,333.00","108,201.00"
2019,4,Santa Cruz,"13,264.00","15,899.00","1,036.00",68.00,"2,371.00","3,937.00"
2019,4,Santa Fe,"312,072.00","382,254.00","27,464.00","26,978.00","20,401.00","769,169.00"
2019,4,Santiago Del Estero,"24,682.00","71,239.00",200.00,281.00,"4,657.00","103,588.00"
2019,4,Tierra Del Fuego,"13,261.00","26,821.00",0.00,0.00,310.00,"40,392.00"
2019,4,Tucumán,"146,985.00","11,012.00","39,574.00",725.00,348.00,"198,644.00"
2019 *,3 *,Buenos Aires,"1,277,249.00","2,144,956.00","425,386.00","85,572.00","2,707.00","3,960,233.00"
2019 *,3 *,Capital Federal,"300,288.00","1,080,973.00",249.00,"3,895.00","31,155.00","1,441,211.00"
2019 *,3 *,Catamarca,"24,349.00","5,543.00",13.00,244.00,"2,251.00",324.00
2019 *,3 *,Chaco,"50,416.00","49,156.00","8,063.00","5,224.00","1,592.00","114,451.00"
2019 *,3 *,Chubut,"37,298.00","2,709.00","1,917.00","15,149.00","7,551.00","89,005.00"
2019 *,3 *,Córdoba,"30,778.00","399,231.00","30,064.00","37,277.00","8,701.00","783,053.00"
2019 *,3 *,Corrientes,"53,344.00","5,023.00","1,888.00","2,458.00","4,839.00","112,759.00"
2019 *,3 *,Entre Ríos,"94,947.00","96,305.00","12,888.00","1,853.00","15,432.00","238,102.00"
2019 *,3 *,Formosa,"21,777.00","8,359.00","1,476.00","14,292.00",162.00,"46,066.00"
2019 *,3 *,Jujuy,"3,311.00","35,742.00",274.00,812.00,"16,638.00","86,576.00"
2019 *,3 *,La Pampa,"19,469.00","52,941.00","4,994.00","11,462.00","1,962.00","90,828.00"
2019 *,3 *,La Rioja,"1,439.00","34,984.00",11.00,251.00,41.00,"49,677.00"
2019 *,3 *,Mendoza,"14,864.00","54,312.00","6,865.00","12,975.00","1,545.00","224,337.00"
2019 *,3 *,Misiones,"54,493.00","65,872.00",829.00,419.00,"1,227.00","133,883.00"
2019 *,3 *,Neuquén,"43,347.00","60,484.00",556.00,"13,512.00","2,518.00","125,421.00"
2019 *,3 *,Río Negro,"67,478.00","37,425.00","9,739.00","10,806.00","18,847.00","144,295.00"
2019 *,3 *,Salta,"65,799.00","74,329.00",733.00,158.00,"9,394.00","151,835.00"
2019 *,3 *,San Juan,"5,167.00","7,425.00","1,227.00","7,241.00","5,535.00","73,098.00"
2019 *,3 *,San Luis,"13,037.00","10,561.00",350.00,"62,286.00","36,466.00","1,227.00"
2019 *,3 *,Santa Cruz,"10,663.00","17,056.00",969.00,"6,544.00","2,738.00","3,797.00"
2019 *,3 *,Santa Fe,"319,396.00","377,171.00","1,869.00","24,269.00","21,408.00","760,934.00"
2019 *,3 *,Santiago Del Estero,"24,556.00","71,198.00",219.00,"2,759.00",344.00,"133,132.00"
2019 *,3 *,Tierra Del Fuego,"1,979.00","26,659.00",651.00,0.00,"1,487.00","48,587.00"
2019 *,3 *,Tucumán,"150,918.00","12,089.00",116.00,684.00,324.00,"164,131.00"
2019 *,2 *,Buenos Aires,"1,284,658.00","2,079,900.00","382,971.00","7,524.00","32,929.00","3,855,698.00"
2019 *,2 *,Capital Federal,"309,937.00","1,061,358.00","36,082.00","3,962.00","4,281.00","1,415,620.00"
2019 *,2 *,Catamarca,"25,682.00","5,543.00",13.00,146.00,"2,251.00","33,635.00"
2019 *,2 *,Chaco,"50,765.00","47,448.00","4,203.00","4,727.00","1,591.00","108,734.00"
2019 *,2 *,Chubut,"37,313.00","26,338.00","1,917.00","14,443.00","7,545.00","87,556.00"
2019 *,2 *,Córdoba,"314,768.00","388,254.00","23,023.00","33,847.00","15,236.00","775,128.00"
2019 *,2 *,Corrientes,"53,835.00","47,431.00","1,701.00","2,444.00","6,138.00","111,549.00"
2019 *,2 *,Entre Ríos,"97,081.00","91,081.00","12,764.00","17,369.00","17,529.00","235,824.00"
2019 *,2 *,Formosa,"21,916.00","8,686.00","1,382.00","14,292.00",162.00,"46,438.00"
2019 *,2 *,Jujuy,"33,022.00","30,742.00",274.00,812.00,"21,857.00","86,707.00"
2019 *,2 *,La Pampa,"19,471.00","52,101.00",484.00,"10,789.00","3,004.00","90,205.00"
2019 *,2 *,La Rioja,"15,014.00","34,984.00",11.00,251.00,41.00,"50,301.00"
2019 *,2 *,Mendoza,"148,673.00","54,027.00","6,865.00","12,748.00","1,544.00","223,857.00"
2019 *,2 *,Misiones,"55,373.00","64,272.00",543.00,421.00,"12,269.00","132,878.00"
2019 *,2 *,Neuquén,"4,342.00","59,021.00","4,983.00","12,792.00","2,737.00","122,953.00"
2019 *,2 *,Río Negro,"67,841.00","36,527.00","4,037.00","10,485.00","19,657.00","138,547.00"
2019 *,2 *,Salta,"68,827.00","62,343.00",725.00,121.00,"9,463.00","142,568.00"
2019 *,2 *,San Juan,"5,168.00","7,425.00","1,174.00",287.00,"6,876.00","70,025.00"
2019 *,2 *,San Luis,"1,113.00","10,298.00",347.00,"57,242.00","38,368.00","117,385.00"
2019 *,2 *,Santa Cruz,"10,665.00","10,257.00",379.00,"6,514.00","2,735.00","3,055.00"
2019 *,2 *,Santa Fe,"32,542.00","35,514.00","18,236.00","2,198.00","22,708.00","743,484.00"
2019 *,2 *,Santiago Del Estero,"24,393.00","64,783.00",219.00,"2,759.00",346.00,"126,754.00"
2019 *,2 *,Tierra Del Fuego,"1,979.00","25,527.00",651.00,0.00,"1,486.00","47,454.00"
2019 *,2 *,Tucumán,"153,121.00","12,089.00",116.00,684.00,321.00,"166,331.00"
2019 *,1 *,Buenos Aires,"1,304,507.00","2,020,730.00","336,362.00","64,867.00","20,201.00","3,746,667.00"
2019 *,1 *,Capital Federal,"328,246.00","1,030,814.00","32,281.00","3,978.00","4,281.00","1,399,600.00"
2019 *,1 *,Catamarca,"26,912.00","4,443.00",16.00,0.00,"2,251.00","33,622.00"
2019 *,1 *,Chaco,"53,409.00","43,555.00","1,951.00","3,628.00","1,134.00","103,677.00"
2019 *,1 *,Chubut,"37,302.00","23,065.00","1,923.00","14,443.00","3,045.00","79,778.00"
2019 *,1 *,Córdoba,"323,272.00","363,959.00","19,902.00","24,615.00","12,367.00","744,115.00"
2019 *,1 *,Corrientes,"55,842.00","43,444.00","1,615.00","1,528.00",58.00,"102,487.00"
2019 *,1 *,Entre Ríos,"100,999.00","90,253.00","12,723.00","16,231.00","12,241.00","232,447.00"
2019 *,1 *,Formosa,"2,257.00","7,878.00",940.00,"13,761.00",62.00,"45,211.00"
2019 *,1 *,Jujuy,"33,248.00","12,484.00",153.00,640.00,"43,622.00","90,147.00"
2019 *,1 *,La Pampa,"18,832.00","57,373.00","2,891.00","9,023.00","1,041.00","8,916.00"
2019 *,1 *,La Rioja,"16,367.00","34,984.00",12.00,252.00,41.00,"51,656.00"
2019 *,1 *,Mendoza,"148,524.00","40,205.00","5,662.00","10,363.00","1,544.00","206,298.00"
2019 *,1 *,Misiones,"54,898.00","59,214.00",465.00,426.00,"7,717.00","12,272.00"
2019 *,1 *,Neuquén,"40,747.00","55,634.00","3,114.00","1,251.00","2,372.00","114,377.00"
2019 *,1 *,Río Negro,"68,377.00","34,124.00","3,994.00","9,736.00","4,857.00","121,088.00"
2019 *,1 *,Salta,"74,426.00","57,933.00",647.00,"1,135.00","1,879.00","13,602.00"
2019 *,1 *,San Juan,"5,166.00","5,838.00",808.00,"2,932.00","1,207.00","62,445.00"
2019 *,1 *,San Luis,"11,108.00","7,784.00",378.00,"53,097.00","23,968.00","96,335.00"
2019 *,1 *,Santa Cruz,"10,659.00","4,615.00",382.00,"6,514.00","2,735.00","24,905.00"
2019 *,1 *,Santa Fe,"340,038.00","340,344.00","15,621.00","23,215.00","1,786.00","737,078.00"
2019 *,1 *,Santiago Del Estero,"25,337.00","61,547.00",23.00,"2,847.00",99.00,"89,853.00"
2019 *,1 *,Tierra Del Fuego,"19,789.00","23,549.00","1,623.00",0.00,"1,486.00","46,447.00"
2019 *,1 *,Tucumán,"159,215.00","1,167.00",118.00,678.00,321.00,"172,002.00"
2018,4,Buenos Aires,"1,305,576.00","1,949,637.00","296,102.00","65,477.00","19,814.00","3,636,606.00"
2018,4,Capital Federal,"328,253.00","1,019,490.00","33,042.00","3,978.00","4,257.00","1,389,020.00"
2018,4,Catamarca,"26,912.00","4,443.00",16.00,0.00,"2,212.00","33,583.00"
2018,4,Chaco,"53,409.00","43,555.00",194.00,"3,236.00",113.00,"10,327.00"
2018,4,Chubut,"37,215.00","23,065.00",952.00,"14,443.00","3,047.00","78,722.00"
2018,4,Córdoba,"328,854.00","355,716.00","17,675.00","21,851.00","13,243.00","737,339.00"
2018,4,Corrientes,"55,842.00","42,418.00",796.00,"1,515.00",30.00,"100,601.00"
2018,4,Entre Ríos,"101,168.00","86,198.00","4,853.00","15,472.00","14,356.00","222,047.00"
2018,4,Formosa,"22,619.00",788.00,887.00,"13,761.00",57.00,"45,204.00"
2018,4,Jujuy,"33,248.00","12,484.00",153.00,640.00,"43,608.00","90,133.00"
2018,4,La Pampa,"18,832.00","55,337.00","2,685.00","7,772.00",101.00,"85,636.00"
2018,4,La Rioja,"16,367.00","34,984.00",12.00,252.00,36.00,"51,651.00"
2018,4,Mendoza,"148,524.00","40,205.00","5,665.00","10,363.00","1,547.00","206,304.00"
2018,4,Misiones,555.00,"53,673.00",465.00,426.00,"6,209.00","116,273.00"
2018,4,Neuquén,"40,747.00","55,634.00","3,115.00","12,425.00","2,444.00","114,365.00"
2018,4,Río Negro,"68,377.00","34,292.00","1,299.00","8,037.00","4,832.00","116,837.00"
2018,4,Salta,"74,295.00","57,539.00",638.00,253.00,"1,853.00","134,578.00"
2018,4,San Juan,"5,166.00","5,838.00",806.00,"2,883.00","1,211.00","62,398.00"
2018,4,San Luis,"11,108.00","7,784.00",378.00,"53,097.00","23,964.00","96,331.00"
2018,4,Santa Cruz,"10,659.00","4,615.00",382.00,"6,378.00","2,734.00","24,768.00"
2018,4,Santa Fe,"335,519.00","322,782.00","14,387.00","18,705.00","28,997.00","72,039.00"
2018,4,Santiago Del Estero,"25,339.00","61,243.00",23.00,"2,649.00",81.00,"89,335.00"
2018,4,Tierra Del Fuego,"19,789.00","23,349.00","1,623.00",0.00,"1,499.00","4,626.00"
2018,4,Tucumán,"159,215.00","1,167.00",119.00,686.00,314.00,"172,004.00"
2018,3,Buenos Aires,"1,435,856.00","1,929,273.00","156,382.00","62,318.00","26,448.00","3,610,277.00"
2018,3,Capital Federal,"334,353.00","1,009,252.00","35,694.00","3,872.00","9,319.00","1,392,490.00"
2018,3,Catamarca,"27,553.00","4,443.00",15.00,1.00,"2,214.00","34,226.00"
2018,3,Chaco,"53,927.00","42,359.00",199.00,"2,628.00","1,129.00","102,033.00"
2018,3,Chubut,"58,887.00","23,065.00","1,239.00","13,817.00","6,728.00","103,736.00"
2018,3,Córdoba,"33,762.00","342,401.00","15,785.00","19,213.00","10,839.00","725,858.00"
2018,3,Corrientes,"56,444.00",413.00,212.00,"1,468.00",32.00,"99,456.00"
2018,3,Entre Ríos,"103,318.00","83,714.00","2,403.00","15,093.00",80.00,"204,608.00"
2018,3,Formosa,"22,777.00","7,589.00",817.00,"13,625.00",57.00,"44,865.00"
2018,3,Jujuy,"33,363.00","10,856.00",32.00,641.00,43.00,"44,935.00"
2018,3,La Pampa,"12,415.00","54,574.00","8,437.00","7,011.00",987.00,"83,424.00"
2018,3,La Rioja,"16,587.00","34,984.00",13.00,253.00,35.00,"51,872.00"
2018,3,Mendoza,"151,033.00","40,205.00","5,744.00","8,195.00","1,852.00","207,029.00"
2018,3,Misiones,"5,629.00","50,793.00",512.00,391.00,56.00,"108,042.00"
2018,3,Neuquén,"46,602.00","54,129.00",998.00,"12,277.00","2,712.00","116,718.00"
2018,3,Río Negro,"6,859.00","33,474.00","1,252.00","5,051.00","5,125.00","113,492.00"
2018,3,Salta,766.00,"5,398.00",678.00,234.00,"1,391.00","132,883.00"
2018,3,San Juan,"54,025.00","5,838.00",826.00,"2,744.00","1,048.00","64,481.00"
2018,3,San Luis,"11,096.00","7,784.00",368.00,"52,859.00","2,314.00","74,421.00"
2018,3,Santa Cruz,"18,606.00","4,574.00",585.00,"6,238.00","3,996.00","33,999.00"
2018,3,Santa Fe,"339,126.00","312,866.00","11,749.00","16,337.00","15,022.00","6,951.00"
2018,3,Santiago Del Estero,"25,805.00","58,789.00",23.00,"1,662.00",81.00,"8,636.00"
2018,3,Tierra Del Fuego,"19,365.00","22,649.00","1,502.00",1.00,"2,047.00","45,564.00"
2018,3,Tucumán,"161,209.00",928.00,110.00,252.00,315.00,"171,166.00"
2018,2,Buenos Aires,"1,450,203.00","1,807,868.00","143,626.00","71,256.00","27,746.00","3,500,699.00"
2018,2,Capital Federal,"342,431.00","977,916.00","3,561.00","3,908.00","9,321.00","1,369,186.00"
2018,2,Catamarca,"27,444.00","4,415.00",15.00,1.00,"2,214.00","34,089.00"
2018,2,Chaco,"54,134.00","4,075.00",562.00,"1,946.00","1,129.00","98,521.00"
2018,2,Chubut,"58,935.00","19,591.00","1,239.00","1,407.00","6,729.00","100,564.00"
2018,2,Córdoba,"345,141.00","327,636.00","13,832.00","16,355.00","10,109.00","713,073.00"
2018,2,Corrientes,"56,541.00","39,715.00",201.00,"1,468.00",32.00,"97,957.00"
2018,2,Entre Ríos,"104,811.00","80,376.00","2,405.00","12,313.00",80.00,"199,985.00"
2018,2,Formosa,"23,543.00","7,311.00",18.00,"13,625.00",57.00,"44,554.00"
2018,2,Jujuy,"33,571.00","10,856.00",23.00,640.00,43.00,"45,133.00"
2018,2,La Pampa,"12,416.00","53,587.00",842.00,"7,011.00",987.00,"82,421.00"
2018,2,La Rioja,"16,663.00","34,984.00",13.00,253.00,35.00,"51,948.00"
2018,2,Mendoza,"152,938.00","36,872.00","3,084.00","6,206.00","1,852.00","200,952.00"
2018,2,Misiones,"57,265.00","47,923.00",512.00,391.00,56.00,"106,147.00"
2018,2,Neuquén,"46,633.00","52,855.00",998.00,"12,649.00","2,713.00","115,848.00"
2018,2,Río Negro,"68,667.00","32,795.00","1,252.00","4,396.00","5,125.00","112,235.00"
2018,2,Salta,"78,386.00","53,478.00",678.00,234.00,"1,391.00","134,167.00"
2018,2,San Juan,"5,408.00","5,068.00",826.00,"3,079.00","1,048.00","64,101.00"
2018,2,San Luis,"11,104.00","7,666.00",368.00,16.00,"2,314.00","21,468.00"
2018,2,Santa Cruz,"18,615.00","4,474.00",585.00,"6,734.00","3,997.00","34,405.00"
2018,2,Santa Fe,"337,934.00","304,349.00","11,354.00","15,801.00","15,114.00","684,552.00"
2018,2,Santiago Del Estero,"26,074.00","55,935.00",23.00,"1,662.00",81.00,"83,775.00"
2018,2,Tierra Del Fuego,"19,372.00","22,756.00",531.00,1.00,"2,047.00","44,707.00"
2018,2,Tucumán,"160,315.00","8,965.00",110.00,252.00,315.00,"169,957.00"
2018,1,Buenos Aires,"1,452,061.00","1,793,884.00","133,928.00","64,379.00","31,194.00","3,475,446.00"
2018,1,Capital Federal,"349,995.00","968,483.00","35,535.00","3,164.00","9,393.00","1,366,570.00"
2018,1,Catamarca,273.00,"4,415.00",15.00,1.00,"2,214.00","33,945.00"
2018,1,Chaco,"54,879.00","40,157.00",383.00,388.00,113.00,"96,937.00"
2018,1,Chubut,"56,375.00","19,591.00","1,194.00","1,407.00","6,729.00","97,959.00"
2018,1,Córdoba,"349,342.00","326,894.00","13,178.00","13,237.00","11,275.00","713,926.00"
2018,1,Corrientes,"56,937.00","35,225.00",888.00,"1,334.00",33.00,"94,417.00"
2018,1,Entre Ríos,"106,998.00","75,751.00","3,789.00","10,776.00",80.00,"197,394.00"
2018,1,Formosa,"23,556.00","7,095.00",17.00,"1,603.00",57.00,"32,328.00"
2018,1,Jujuy,"33,856.00","10,456.00",23.00,28.00,43.00,"44,406.00"
2018,1,La Pampa,"10,807.00","51,389.00","8,386.00","10,556.00","1,926.00","83,064.00"
2018,1,La Rioja,"1,696.00","34,984.00",13.00,253.00,35.00,"52,245.00"
2018,1,Mendoza,"152,931.00","36,872.00","3,086.00","6,206.00","1,852.00","200,947.00"
2018,1,Misiones,"56,311.00","4,688.00",328.00,5.00,56.00,"10,358.00"
2018,1,Neuquén,"46,714.00","55,072.00",1.00,"12,404.00","2,713.00","117,903.00"
2018,1,Río Negro,"68,769.00","31,712.00","1,251.00","4,259.00","5,128.00","111,119.00"
2018,1,Salta,"79,936.00","51,534.00",118.00,204.00,"1,391.00","133,183.00"
2018,1,San Juan,"5,408.00","5,068.00",826.00,"2,246.00","1,048.00","63,268.00"
2018,1,San Luis,"11,104.00","7,594.00",368.00,16.00,"2,314.00","21,396.00"
2018,1,Santa Cruz,"18,615.00","4,474.00","1,799.00","6,734.00","2,783.00","34,405.00"
2018,1,Santa Fe,"341,997.00","300,421.00","10,674.00","11,636.00","15,298.00","680,026.00"
2018,1,Santiago Del Estero,"26,788.00","54,594.00",23.00,"1,432.00",81.00,"82,918.00"
2018,1,Tierra Del Fuego,"19,372.00","9,663.00",531.00,1.00,"2,047.00","31,614.00"
2018,1,Tucumán,"158,611.00","8,921.00",107.00,368.00,50.00,"168,057.00"
2017,4,Buenos Aires,"1,241,172.00","1,718,013.00","131,181.00","60,082.00","31,448.00","3,181,896.00"
2017,4,Capital Federal,"571,363.00","961,688.00","36,277.00","3,119.00","9,877.00","1,582,324.00"
2017,4,Catamarca,"27,083.00",263.00,11.00,1.00,22.00,"29,558.00"
2017,4,Chaco,"55,035.00","3,969.00",389.00,380.00,"1,121.00","96,615.00"
2017,4,Chubut,"56,378.00","15,097.00","1,187.00","1,407.00","6,708.00","9,344.00"
2017,4,Córdoba,"34,971.00","324,709.00","12,778.00","12,043.00","10,739.00","709,979.00"
2017,4,Corrientes,"56,786.00","34,722.00",894.00,"1,334.00",35.00,"93,771.00"
2017,4,Entre Ríos,"107,764.00","73,692.00","1,894.00","10,267.00",86.00,"193,703.00"
2017,4,Formosa,"2,341.00","6,973.00",19.00,"1,603.00",51.00,"32,056.00"
2017,4,Jujuy,"33,844.00","9,626.00",20.00,28.00,34.00,"43,552.00"
2017,4,La Pampa,"10,808.00","50,495.00","8,272.00","10,569.00","1,927.00","82,071.00"
2017,4,La Rioja,"16,912.00","34,984.00",14.00,253.00,31.00,"52,194.00"
2017,4,Mendoza,"152,896.00","16,114.00","3,015.00","6,206.00",192.00,"180,151.00"
2017,4,Misiones,"56,271.00","4,747.00",95.00,5.00,54.00,"103,895.00"
2017,4,Neuquén,"46,739.00","54,119.00","1,017.00","12,404.00","2,692.00","116,971.00"
2017,4,Río Negro,"6,869.00","30,451.00",125.00,"4,259.00","5,114.00","109,764.00"
2017,4,Salta,"80,705.00","50,446.00",127.00,158.00,"1,376.00","132,812.00"
2017,4,San Juan,"54,079.00",451.00,812.00,"2,246.00","1,036.00","58,624.00"
2017,4,San Luis,"11,104.00","1,119.00",335.00,17.00,"2,329.00","14,904.00"
2017,4,Santa Cruz,"18,614.00","1,668.00",582.00,"4,638.00",395.00,"29,452.00"
2017,4,Santa Fe,"34,168.00","293,831.00","10,602.00","10,965.00","15,382.00","67,246.00"
2017,4,Santiago Del Estero,"27,313.00","40,407.00",19.00,"1,025.00",80.00,"68,844.00"
2017,4,Tierra Del Fuego,"19,372.00","6,906.00",530.00,1.00,"2,045.00","28,854.00"
2017,4,Tucumán,"156,583.00","5,223.00",105.00,102.00,319.00,"162,332.00"
2017,3,Buenos Aires,"1,288,025.00","1,571,180.00","12,492.00","35,058.00","38,777.00","3,057,960.00"
2017,3,Capital Federal,"583,249.00","941,092.00","33,481.00","2,814.00","9,723.00","1,570,359.00"
2017,3,Catamarca,"26,873.00","4,411.00",12.00,1.00,"2,181.00","33,478.00"
2017,3,Chaco,"54,888.00","37,307.00",456.00,36.00,"1,072.00","93,759.00"
2017,3,Chubut,"56,359.00","5,645.00","1,217.00","13,503.00",682.00,"83,544.00"
2017,3,Córdoba,"34,458.00","31,936.00","10,579.00","7,137.00","14,988.00","696,644.00"
2017,3,Corrientes,"56,247.00","33,993.00",947.00,"1,334.00",27.00,"92,548.00"
2017,3,Entre Ríos,"107,774.00","69,596.00","1,786.00","6,245.00",63.00,"185,464.00"
2017,3,Formosa,"22,647.00","6,816.00",428.00,"2,202.00",12.00,"32,105.00"
2017,3,Jujuy,"33,796.00","9,395.00",20.00,23.00,8.00,"43,242.00"
2017,3,La Pampa,"11,378.00","49,679.00","5,153.00","11,536.00","1,944.00","7,969.00"
2017,3,La Rioja,"16,638.00","34,984.00",14.00,252.00,25.00,"51,913.00"
2017,3,Mendoza,"154,036.00","33,788.00","2,772.00",29.00,"1,866.00","192,491.00"
2017,3,Misiones,"56,472.00","4,388.00",110.00,5.00,9.00,"100,476.00"
2017,3,Neuquén,"48,001.00","52,468.00","1,044.00","11,576.00","2,695.00","115,784.00"
2017,3,Río Negro,"69,301.00","30,018.00","1,106.00","3,054.00","4,017.00","107,496.00"
2017,3,Salta,"80,782.00","50,284.00",127.00,158.00,"1,167.00","132,518.00"
2017,3,San Juan,"54,499.00","5,068.00",816.00,"1,053.00","1,013.00","62,449.00"
2017,3,San Luis,"11,407.00","7,576.00",347.00,26.00,"2,363.00","21,719.00"
2017,3,Santa Cruz,"1,922.00","5,487.00","1,544.00","4,552.00","2,887.00","3,369.00"
2017,3,Santa Fe,"322,953.00","290,655.00","6,338.00","4,897.00","37,499.00","662,342.00"
2017,3,Santiago Del Estero,"27,733.00","54,096.00",19.00,911.00,35.00,"82,794.00"
2017,3,Tierra Del Fuego,"21,587.00","7,012.00",622.00,1.00,"2,244.00","31,466.00"
2017,3,Tucumán,"15,413.00","6,431.00",106.00,40.00,305.00,"161,012.00"
2017,2,Buenos Aires,"1,378,549.00","1,535,037.00","119,132.00","21,555.00","24,358.00","3,078,631.00"
2017,2,Capital Federal,"615,262.00","932,466.00","38,628.00","2,819.00","11,016.00","1,600,191.00"
2017,2,Catamarca,"26,401.00",255.00,14.00,1.00,34.00,"26,705.00"
2017,2,Chaco,"54,449.00","35,613.00",458.00,52.00,39.00,"90,611.00"
2017,2,Chubut,"43,994.00","1,067.00",916.00,"13,194.00","4,804.00","63,975.00"
2017,2,Córdoba,"341,748.00","303,488.00","4,451.00","6,446.00","1,505.00","657,638.00"
2017,2,Corrientes,"55,262.00","33,192.00",258.00,"1,354.00",31.00,"90,097.00"
2017,2,Entre Ríos,"108,309.00","6,765.00",254.00,"6,448.00",71.00,"182,732.00"
2017,2,Formosa,"22,493.00",641.00,17.00,"1,023.00",13.00,"29,956.00"
2017,2,Jujuy,"33,742.00","8,858.00",22.00,0.00,35.00,"42,657.00"
2017,2,La Pampa,"12,754.00","4,831.00","5,194.00","6,253.00",511.00,"73,022.00"
2017,2,La Rioja,"16,244.00",0.00,15.00,2.00,28.00,"16,289.00"
2017,2,Mendoza,"153,331.00","1,303.00","2,581.00",27.00,"1,784.00","170,753.00"
2017,2,Misiones,"56,752.00","42,925.00",103.00,5.00,9.00,"99,794.00"
2017,2,Neuquén,"51,794.00","50,283.00","1,133.00","11,545.00","2,678.00","117,433.00"
2017,2,Río Negro,"67,038.00","29,147.00",961.00,"3,213.00",126.00,"101,619.00"
2017,2,Salta,"80,184.00","2,728.00",115.00,158.00,804.00,"108,541.00"
2017,2,San Juan,"4,867.00",451.00,772.00,"1,073.00",915.00,"51,881.00"
2017,2,San Luis,"11,432.00",112.00,354.00,26.00,375.00,"13,307.00"
2017,2,Santa Cruz,"15,311.00","2,722.00","1,365.00","4,735.00","2,255.00","26,388.00"
2017,2,Santa Fe,"329,813.00","228,102.00","3,234.00","4,958.00","1,173.00","56,728.00"
2017,2,Santiago Del Estero,"28,337.00",39.00,19.00,911.00,29.00,"33,196.00"
2017,2,Tierra Del Fuego,"22,636.00","6,905.00",665.00,1.00,235.00,"32,557.00"
2017,2,Tucumán,"149,013.00","5,223.00",116.00,14.00,45.00,"154,411.00"
2017,1,Buenos Aires,"1,559,178.00","1,465,817.00","118,839.00",212.00,"24,342.00","3,189,376.00"
2017,1,Capital Federal,"428,801.00","918,328.00","38,259.00",273.00,"10,928.00","1,399,046.00"
2017,1,Catamarca,"2,602.00",248.00,14.00,1.00,34.00,"26,317.00"
2017,1,Chaco,"5,443.00","34,277.00",252.00,52.00,39.00,"8,905.00"
2017,1,Chubut,"43,994.00",999.00,916.00,"13,194.00","4,793.00","63,896.00"
2017,1,Córdoba,"335,673.00","293,479.00","4,871.00","5,782.00","1,394.00","641,199.00"
2017,1,Corrientes,"54,993.00","31,994.00",236.00,"1,354.00",31.00,"88,608.00"
2017,1,Entre Ríos,"108,509.00","65,095.00",230.00,"6,448.00",71.00,"180,353.00"
2017,1,Formosa,"22,438.00","6,215.00",16.00,"1,023.00",13.00,"29,705.00"
2017,1,Jujuy,"33,869.00","9,278.00",22.00,0.00,34.00,"43,203.00"
2017,1,La Pampa,"12,754.00","47,195.00","5,194.00","6,253.00",517.00,"71,913.00"
2017,1,La Rioja,"1,618.00",0.00,15.00,2.00,28.00,"16,225.00"
2017,1,Mendoza,"153,326.00","1,303.00","2,581.00",27.00,"1,769.00","170,733.00"
2017,1,Misiones,"57,363.00","40,142.00",101.00,5.00,8.00,"97,619.00"
2017,1,Neuquén,"51,771.00","48,109.00","1,124.00","11,665.00",267.00,"115,339.00"
2017,1,Río Negro,"67,075.00","28,785.00",954.00,"3,213.00","1,261.00","101,288.00"
2017,1,Salta,"79,837.00","26,845.00",114.00,158.00,679.00,"107,633.00"
2017,1,San Juan,"4,867.00",451.00,772.00,"1,073.00",907.00,"51,873.00"
2017,1,San Luis,"11,432.00",112.00,354.00,26.00,375.00,"13,307.00"
2017,1,Santa Cruz,"15,502.00","2,722.00","1,272.00","4,733.00","2,257.00","26,486.00"
2017,1,Santa Fe,"327,458.00","226,094.00",321.00,"4,948.00","1,172.00","562,882.00"
2017,1,Santiago Del Estero,"29,616.00",39.00,19.00,911.00,29.00,"34,475.00"
2017,1,Tierra Del Fuego,"22,636.00","6,905.00",665.00,1.00,235.00,"32,557.00"
2017,1,Tucumán,"147,373.00","5,223.00",116.00,14.00,45.00,"152,771.00"
2016,4,Buenos Aires,"1,563,542.00","1,414,676.00","118,747.00","21,394.00","24,342.00","3,142,701.00"
2016,4,Capital Federal,"434,835.00","914,952.00","38,161.00","2,583.00","10,928.00","1,401,459.00"
2016,4,Catamarca,"26,735.00",250.00,14.00,1.00,34.00,"27,034.00"
2016,4,Chaco,"54,974.00","33,534.00",248.00,52.00,39.00,"88,847.00"
2016,4,Chubut,"43,994.00",955.00,916.00,"13,107.00","4,793.00","63,765.00"
2016,4,Córdoba,"337,368.00","289,344.00","3,368.00","5,686.00",789.00,"636,555.00"
2016,4,Corrientes,"54,981.00","31,497.00",233.00,"1,354.00",31.00,"88,096.00"
2016,4,Entre Ríos,"109,359.00","64,141.00",226.00,"6,448.00",71.00,"180,245.00"
2016,4,Formosa,224.00,"6,061.00",16.00,"1,023.00",13.00,"29,513.00"
2016,4,Jujuy,"33,838.00","8,731.00",22.00,0.00,34.00,"42,625.00"
2016,4,La Pampa,"12,754.00","47,245.00","5,054.00","6,253.00",522.00,"71,828.00"
2016,4,La Rioja,"1,627.00",0.00,16.00,2.00,28.00,"16,316.00"
2016,4,Mendoza,"15,332.00","1,303.00","2,579.00",27.00,"1,769.00","170,725.00"
2016,4,Misiones,"57,983.00","39,294.00",100.00,5.00,8.00,"9,739.00"
2016,4,Neuquén,"51,742.00","46,389.00","1,124.00","1,191.00",267.00,"113,835.00"
2016,4,Río Negro,"67,057.00","28,474.00",954.00,"3,274.00","1,261.00","10,102.00"
2016,4,Salta,"79,389.00","26,657.00",110.00,158.00,621.00,"106,935.00"
2016,4,San Juan,"4,867.00",451.00,772.00,"1,121.00",907.00,"51,921.00"
2016,4,San Luis,"11,432.00",112.00,354.00,26.00,375.00,"13,307.00"
2016,4,Santa Cruz,"15,607.00","2,722.00","1,055.00","4,823.00","2,257.00","26,464.00"
2016,4,Santa Fe,"326,721.00","225,792.00","3,201.00","4,946.00","1,172.00","561,832.00"
2016,4,Santiago Del Estero,"30,192.00",39.00,19.00,911.00,29.00,"35,051.00"
2016,4,Tierra Del Fuego,"22,636.00","6,905.00",665.00,1.00,235.00,"32,557.00"
2016,4,Tucumán,"146,995.00","4,482.00",116.00,14.00,45.00,"151,652.00"
2016,3,Buenos Aires,"1,574,216.00","1,355,770.00","113,463.00","18,867.00","24,276.00","3,086,592.00"
2016,3,Capital Federal,"447,726.00","905,105.00","36,796.00","2,514.00","10,963.00","1,403,104.00"
2016,3,Catamarca,"26,689.00",248.00,14.00,1.00,18.00,"2,697.00"
2016,3,Chaco,"56,251.00","3,273.00",232.00,2.00,15.00,"8,923.00"
2016,3,Chubut,"43,987.00",935.00,916.00,"13,364.00",475.00,"63,952.00"
2016,3,Córdoba,"348,481.00","28,548.00",254.00,"5,695.00",395.00,"642,591.00"
2016,3,Corrientes,"55,934.00","30,813.00",217.00,"1,354.00",22.00,"8,834.00"
2016,3,Entre Ríos,"112,588.00","6,185.00",206.00,"6,441.00",64.00,"181,149.00"
2016,3,Formosa,218.00,"5,905.00",9.00,0.00,2.00,"27,716.00"
2016,3,Jujuy,"3,425.00","8,236.00",22.00,0.00,30.00,"42,538.00"
2016,3,La Pampa,"12,751.00","45,952.00",491.00,"6,236.00",515.00,"70,364.00"
2016,3,La Rioja,"16,891.00",0.00,15.00,2.00,22.00,"1,693.00"
2016,3,Mendoza,"153,233.00","1,303.00","2,576.00",28.00,"1,757.00","170,624.00"
2016,3,Misiones,"59,776.00","3,813.00",79.00,5.00,7.00,"97,997.00"
2016,3,Neuquén,"51,752.00","44,739.00","1,093.00","12,402.00","2,617.00","112,603.00"
2016,3,Río Negro,"67,043.00","28,496.00",942.00,"3,293.00","1,252.00","101,026.00"
2016,3,Salta,"80,866.00","26,113.00",90.00,157.00,565.00,"107,791.00"
2016,3,San Juan,"4,867.00",451.00,770.00,"1,174.00",903.00,"51,968.00"
2016,3,San Luis,"11,432.00","1,113.00",354.00,23.00,371.00,"13,293.00"
2016,3,Santa Cruz,"1,557.00","2,722.00",817.00,"4,978.00",217.00,"26,257.00"
2016,3,Santa Fe,"334,911.00","223,011.00","3,037.00","4,862.00",119.00,"567,011.00"
2016,3,Santiago Del Estero,"3,173.00",39.00,19.00,3.00,8.00,"3,566.00"
2016,3,Tierra Del Fuego,"22,636.00","6,276.00",665.00,1.00,"2,347.00","31,925.00"
2016,3,Tucumán,"147,259.00",385.00,116.00,53.00,41.00,"151,319.00"
2016,2,Buenos Aires,"1,579,448.00","1,305,949.00","11,307.00","21,163.00","25,661.00","3,045,291.00"
2016,2,Capital Federal,"450,644.00","892,209.00","36,669.00",239.00,"12,672.00","1,394,584.00"
2016,2,Catamarca,"26,262.00",245.00,14.00,1.00,34.00,"26,556.00"
2016,2,Chaco,"56,112.00","31,825.00",221.00,52.00,41.00,"88,251.00"
2016,2,Chubut,"43,977.00",867.00,916.00,"13,293.00","4,803.00","63,856.00"
2016,2,Córdoba,"348,891.00","277,615.00","1,709.00",561.00,"1,089.00","634,914.00"
2016,2,Corrientes,"55,511.00","29,845.00",203.00,"1,354.00",43.00,"86,956.00"
2016,2,Entre Ríos,"112,809.00","58,768.00",169.00,"6,434.00",193.00,"178,373.00"
2016,2,Formosa,"22,101.00","5,658.00",6.00,"1,023.00",14.00,"28,802.00"
2016,2,Jujuy,"33,758.00","7,374.00",22.00,0.00,35.00,"41,189.00"
2016,2,La Pampa,"12,754.00","44,654.00","4,708.00","6,225.00",547.00,"68,888.00"
2016,2,La Rioja,"16,691.00",0.00,15.00,2.00,28.00,"16,736.00"
2016,2,Mendoza,"153,321.00","1,303.00","2,576.00",29.00,"1,868.00","170,824.00"
2016,2,Misiones,"59,573.00","36,145.00",77.00,5.00,15.00,"95,815.00"
2016,2,Neuquén,"51,742.00","4,237.00","1,088.00","12,466.00","2,849.00","110,515.00"
2016,2,Río Negro,"67,031.00",281.00,939.00,33.00,"1,334.00","100,704.00"
2016,2,Salta,"79,438.00","24,719.00",85.00,151.00,539.00,"104,932.00"
2016,2,San Juan,"4,867.00",451.00,770.00,"1,214.00",908.00,"52,013.00"
2016,2,San Luis,"11,432.00","1,063.00",354.00,30.00,377.00,"13,256.00"
2016,2,Santa Cruz,"15,453.00","2,722.00",396.00,"4,996.00","2,586.00","26,153.00"
2016,2,Santa Fe,"336,244.00","219,088.00","2,981.00","4,744.00","1,417.00","564,474.00"
2016,2,Santiago Del Estero,"32,101.00",39.00,19.00,911.00,30.00,"36,961.00"
2016,2,Tierra Del Fuego,"22,636.00","5,707.00",665.00,1.00,235.00,"31,359.00"
2016,2,Tucumán,"145,486.00","2,968.00",116.00,58.00,49.00,"148,677.00"
2016,1,Buenos Aires,"1,583,560.00","1,200,859.00","111,231.00","21,108.00","25,757.00","2,942,515.00"
2016,1,Capital Federal,"454,425.00","832,126.00","36,332.00","2,284.00","12,729.00","1,337,896.00"
2016,1,Catamarca,"26,096.00",243.00,15.00,1.00,34.00,"26,389.00"
2016,1,Chaco,"56,353.00","29,994.00",211.00,52.00,41.00,"86,651.00"
2016,1,Chubut,"43,967.00",834.00,916.00,"1,328.00","4,803.00",638.00
2016,1,Córdoba,"350,884.00","252,346.00",674.00,"5,636.00",386.00,"609,926.00"
2016,1,Corrientes,"55,454.00","28,491.00",192.00,"1,354.00",45.00,"85,536.00"
2016,1,Entre Ríos,"113,101.00","54,948.00",146.00,"6,425.00",193.00,"174,813.00"
2016,1,Formosa,"21,852.00",542.00,5.00,"1,023.00",14.00,"28,314.00"
2016,1,Jujuy,"33,481.00","6,751.00",22.00,0.00,35.00,"40,289.00"
2016,1,La Pampa,"12,754.00","41,881.00","4,536.00","6,209.00",549.00,"65,929.00"
2016,1,La Rioja,"16,645.00",0.00,16.00,2.00,28.00,"16,691.00"
2016,1,Mendoza,"153,299.00","1,303.00","2,576.00",34.00,"1,871.00","17,081.00"
2016,1,Misiones,"59,538.00","3,333.00",70.00,5.00,15.00,"92,958.00"
2016,1,Neuquén,"51,702.00","36,122.00","1,085.00","12,502.00",285.00,"104,261.00"
2016,1,Río Negro,"66,894.00","27,312.00",937.00,"3,341.00","1,338.00","99,822.00"
2016,1,Salta,"78,973.00","22,741.00",73.00,132.00,507.00,"102,426.00"
2016,1,San Juan,"4,867.00",451.00,770.00,"1,195.00",908.00,"51,994.00"
2016,1,San Luis,"11,432.00","1,042.00",354.00,27.00,377.00,"13,232.00"
2016,1,Santa Cruz,"15,654.00","2,723.00",396.00,"5,088.00","2,426.00","26,287.00"
2016,1,Santa Fe,"338,052.00","204,816.00","3,014.00","4,686.00","1,428.00","551,996.00"
2016,1,Santiago Del Estero,"32,838.00",39.00,19.00,911.00,30.00,"37,698.00"
2016,1,Tierra Del Fuego,"22,636.00","4,834.00",665.00,1.00,235.00,"30,486.00"
2016,1,Tucumán,"144,233.00","2,165.00",116.00,74.00,49.00,"146,637.00"
2015,4,Buenos Aires,"1,586,343.00","1,223,603.00","103,269.00","20,397.00","25,773.00","2,959,385.00"
2015,4,Capital Federal,"455,427.00","87,995.00","19,818.00","2,273.00","12,758.00","1,370,226.00"
2015,4,Catamarca,"2,618.00",242.00,15.00,1.00,34.00,"26,472.00"
2015,4,Chaco,"56,818.00","29,456.00",186.00,52.00,41.00,"86,553.00"
2015,4,Chubut,"43,968.00",811.00,916.00,"13,521.00","4,803.00","64,019.00"
2015,4,Córdoba,"35,353.00","266,062.00",480.00,"5,613.00",385.00,"62,607.00"
2015,4,Corrientes,"55,681.00","28,178.00",177.00,"1,354.00",45.00,"85,435.00"
2015,4,Entre Ríos,"113,983.00","53,411.00",122.00,"6,427.00",194.00,"174,137.00"
2015,4,Formosa,"21,734.00","5,314.00",4.00,"1,023.00",14.00,"28,089.00"
2015,4,Jujuy,"32,934.00","6,933.00",22.00,0.00,35.00,"39,924.00"
2015,4,La Pampa,"12,755.00","42,705.00","4,327.00","6,205.00",374.00,"66,366.00"
2015,4,La Rioja,"16,886.00",0.00,16.00,2.00,28.00,"16,932.00"
2015,4,Mendoza,"153,293.00","1,303.00","2,572.00",38.00,"1,874.00","170,807.00"
2015,4,Misiones,"60,252.00","32,533.00",48.00,5.00,15.00,"92,853.00"
2015,4,Neuquén,"5,168.00","38,902.00","1,048.00","12,934.00","2,852.00","107,416.00"
2015,4,Río Negro,"66,851.00","27,221.00",915.00,"3,407.00","1,328.00","99,722.00"
2015,4,Salta,"78,744.00","22,446.00",47.00,129.00,554.00,"10,192.00"
2015,4,San Juan,"4,867.00",451.00,770.00,123.00,908.00,"52,029.00"
2015,4,San Luis,"11,432.00","1,025.00",354.00,30.00,377.00,"13,218.00"
2015,4,Santa Cruz,"15,614.00","2,723.00",396.00,"5,261.00","2,409.00","26,403.00"
2015,4,Santa Fe,"339,843.00","212,911.00","2,885.00","4,596.00","1,437.00","561,672.00"
2015,4,Santiago Del Estero,"33,582.00","4,365.00",19.00,"1,139.00",30.00,"39,135.00"
2015,4,Tierra Del Fuego,"22,636.00","4,301.00",665.00,1.00,235.00,"29,953.00"
2015,4,Tucumán,"144,188.00","1,653.00",116.00,88.00,50.00,"146,095.00"
2015,3,Buenos Aires,"1,585,467.00","1,183,894.00","11,359.00","19,989.00","25,825.00","2,928,765.00"
2015,3,Capital Federal,"454,815.00","871,262.00","30,974.00","2,229.00","12,788.00","1,372,068.00"
2015,3,Catamarca,"25,801.00",242.00,15.00,1.00,34.00,"26,093.00"
2015,3,Chaco,"56,282.00","28,809.00",186.00,52.00,41.00,"8,537.00"
2015,3,Chubut,"43,964.00",792.00,916.00,"13,408.00","4,803.00","63,883.00"
2015,3,Córdoba,"351,692.00","264,055.00",145.00,"5,412.00",389.00,"622,998.00"
2015,3,Corrientes,"55,792.00","27,604.00",176.00,134.00,47.00,"84,959.00"
2015,3,Entre Ríos,"113,909.00","51,945.00",122.00,"6,261.00",197.00,"172,434.00"
2015,3,Formosa,"21,573.00","5,264.00",2.00,899.00,14.00,"27,752.00"
2015,3,Jujuy,"32,598.00","6,895.00",22.00,0.00,35.00,"3,955.00"
2015,3,La Pampa,"12,755.00","41,886.00","4,078.00","6,195.00",557.00,"65,471.00"
2015,3,La Rioja,"16,725.00",0.00,16.00,2.00,28.00,"16,771.00"
2015,3,Mendoza,"153,299.00","1,303.00","2,572.00",42.00,188.00,"170,823.00"
2015,3,Misiones,"59,921.00","31,635.00",46.00,5.00,15.00,"91,622.00"
2015,3,Neuquén,"47,102.00","3,662.00","1,045.00","13,051.00","2,798.00","100,616.00"
2015,3,Río Negro,"66,806.00","2,713.00",917.00,"3,415.00","1,346.00","99,614.00"
2015,3,Salta,"78,064.00","21,688.00",47.00,129.00,645.00,"100,573.00"
2015,3,San Juan,"4,867.00",451.00,770.00,"1,231.00",908.00,"5,203.00"
2015,3,San Luis,"11,432.00","1,025.00",354.00,31.00,377.00,"13,219.00"
2015,3,Santa Cruz,"1,554.00","2,718.00",396.00,"5,226.00","2,391.00","26,271.00"
2015,3,Santa Fe,"337,042.00","209,673.00","4,169.00","4,426.00","1,428.00","556,738.00"
2015,3,Santiago Del Estero,"33,886.00","4,365.00",19.00,"1,097.00",30.00,"39,397.00"
2015,3,Tierra Del Fuego,"22,636.00","8,085.00",665.00,1.00,235.00,"33,737.00"
2015,3,Tucumán,"142,925.00","1,135.00",116.00,88.00,50.00,"144,314.00"
2015,2,Buenos Aires,"1,581,770.00","1,141,052.00","11,566.00","19,268.00","2,604.00","2,883,790.00"
2015,2,Capital Federal,"453,178.00","858,342.00","19,786.00","2,172.00","12,806.00","1,346,284.00"
2015,2,Catamarca,"25,387.00",242.00,15.00,1.00,34.00,"25,679.00"
2015,2,Chaco,"55,767.00","27,809.00",179.00,52.00,41.00,"83,848.00"
2015,2,Chubut,"43,949.00",762.00,916.00,"13,055.00","4,803.00","63,485.00"
2015,2,Córdoba,"34,813.00","255,596.00",435.00,"5,199.00",386.00,"609,746.00"
2015,2,Corrientes,"55,238.00","26,553.00",157.00,"1,321.00",47.00,"83,316.00"
2015,2,Entre Ríos,"113,378.00","49,767.00",119.00,"6,031.00",197.00,"169,492.00"
2015,2,Formosa,"21,097.00","5,164.00",2.00,737.00,50.00,"2,705.00"
2015,2,Jujuy,"32,183.00","5,482.00",22.00,0.00,35.00,"37,722.00"
2015,2,La Pampa,"12,756.00","40,825.00","3,719.00",619.00,562.00,"64,052.00"
2015,2,La Rioja,"16,463.00",0.00,16.00,2.00,28.00,"16,509.00"
2015,2,Mendoza,"153,301.00","1,303.00","2,572.00",38.00,"1,882.00","170,823.00"
2015,2,Misiones,"59,179.00","29,283.00",37.00,5.00,15.00,"88,519.00"
2015,2,Neuquén,"47,078.00","34,183.00","1,044.00","12,781.00","2,799.00","97,885.00"
2015,2,Río Negro,"66,738.00","26,268.00",916.00,"3,457.00","1,348.00","98,727.00"
2015,2,Salta,"77,214.00","20,297.00",47.00,129.00,580.00,"98,267.00"
2015,2,San Juan,"4,867.00",451.00,770.00,"1,189.00",908.00,"51,988.00"
2015,2,San Luis,"11,432.00","1,025.00",354.00,33.00,377.00,"13,221.00"
2015,2,Santa Cruz,"15,343.00","2,707.00",396.00,"4,917.00",24.00,"25,763.00"
2015,2,Santa Fe,"333,117.00","204,685.00","2,877.00",432.00,"1,389.00","546,388.00"
2015,2,Santiago Del Estero,"33,873.00","4,365.00",19.00,"1,091.00",30.00,"39,378.00"
2015,2,Tierra Del Fuego,"22,636.00","7,927.00",665.00,1.00,235.00,"33,579.00"
2015,2,Tucumán,"139,944.00",479.00,116.00,88.00,50.00,"140,677.00"
2015,1,Buenos Aires,"1,583,135.00","1,096,836.00","134,177.00","18,754.00","2,894.00","2,861,842.00"
2015,1,Capital Federal,"454,934.00","841,743.00","19,334.00","1,994.00","14,716.00","1,332,721.00"
2015,1,Catamarca,"25,033.00",241.00,16.00,1.00,41.00,"25,332.00"
2015,1,Chaco,"54,952.00","26,161.00",164.00,27.00,56.00,"8,136.00"
2015,1,Chubut,"45,645.00",717.00,906.00,"1,254.00","5,465.00","65,273.00"
2015,1,Córdoba,"343,883.00","247,564.00",415.00,"4,645.00",450.00,"596,957.00"
2015,1,Corrientes,"54,649.00","25,372.00",129.00,"1,319.00",62.00,"81,531.00"
2015,1,Entre Ríos,"112,363.00","47,411.00",108.00,"5,943.00",245.00,"16,607.00"
2015,1,Formosa,"21,022.00","4,951.00",1.00,670.00,56.00,267.00
2015,1,Jujuy,"31,505.00","5,048.00",22.00,0.00,36.00,"36,611.00"
2015,1,La Pampa,"13,143.00","39,571.00","3,215.00","6,164.00",604.00,"62,697.00"
2015,1,La Rioja,"16,282.00",0.00,16.00,2.00,33.00,"16,333.00"
2015,1,Mendoza,"152,433.00","1,303.00","2,542.00",29.00,"2,126.00","17,016.00"
2015,1,Misiones,"58,262.00","26,836.00",30.00,5.00,13.00,"85,146.00"
2015,1,Neuquén,"47,518.00","32,152.00","1,024.00","12,088.00",296.00,"95,742.00"
2015,1,Río Negro,"66,274.00","25,217.00",907.00,"3,473.00","1,462.00","97,333.00"
2015,1,Salta,"7,628.00","19,781.00",47.00,129.00,574.00,"96,811.00"
2015,1,San Juan,"48,441.00",451.00,755.00,"1,165.00","1,007.00","51,819.00"
2015,1,San Luis,"11,414.00","1,025.00",351.00,30.00,412.00,"13,232.00"
2015,1,Santa Cruz,"16,215.00",27.00,392.00,"4,772.00","2,562.00","26,641.00"
2015,1,Santa Fe,"328,809.00","199,037.00","2,845.00","4,239.00","1,507.00","536,437.00"
2015,1,Santiago Del Estero,"33,813.00","4,365.00",19.00,102.00,35.00,"39,252.00"
2015,1,Tierra Del Fuego,"22,291.00","7,924.00",657.00,1.00,"2,583.00","33,456.00"
2015,1,Tucumán,"137,857.00",115.00,116.00,88.00,100.00,"138,276.00"
2014,4,Buenos Aires,"1,575,978.00","1,070,135.00","120,528.00","17,728.00","32,038.00","2,816,407.00"
2014,4,Capital Federal,"455,785.00","840,224.00","17,155.00","1,962.00","15,394.00","1,330,520.00"
2014,4,Catamarca,"25,192.00",241.00,16.00,0.00,44.00,"25,493.00"
2014,4,Chaco,"55,024.00","10,918.00",31.00,0.00,62.00,"66,035.00"
2014,4,Chubut,"48,539.00",697.00,891.00,"12,256.00","6,159.00","68,542.00"
2014,4,Córdoba,"345,157.00","240,452.00",419.00,"3,918.00",486.00,"590,432.00"
2014,4,Corrientes,"54,754.00","9,526.00",40.00,"1,315.00",75.00,"6,571.00"
2014,4,Entre Ríos,"112,291.00","23,027.00",57.00,"5,178.00",260.00,"140,813.00"
2014,4,Formosa,"21,245.00","4,896.00",1.00,0.00,65.00,"26,207.00"
2014,4,Jujuy,"31,349.00","4,583.00",22.00,37.00,11.00,"36,002.00"
2014,4,La Pampa,"16,043.00","34,281.00",514.00,"5,894.00",648.00,"5,738.00"
2014,4,La Rioja,"16,352.00",0.00,17.00,0.00,33.00,"16,402.00"
2014,4,Mendoza,"151,797.00","1,303.00","2,534.00",31.00,"2,222.00","169,614.00"
2014,4,Misiones,"58,435.00","18,613.00",16.00,150.00,15.00,"77,229.00"
2014,4,Neuquén,"47,721.00","31,778.00","1,014.00","11,853.00",303.00,"95,396.00"
2014,4,Río Negro,"66,307.00","23,703.00",901.00,"3,819.00",153.00,"9,626.00"
2014,4,Salta,"76,026.00","17,289.00",48.00,6.00,578.00,"93,947.00"
2014,4,San Juan,"48,653.00",451.00,740.00,"1,202.00","1,073.00","52,119.00"
2014,4,San Luis,"11,419.00",926.00,355.00,24.00,423.00,"13,147.00"
2014,4,Santa Cruz,"17,553.00",448.00,388.00,"4,395.00","2,929.00","25,713.00"
2014,4,Santa Fe,"335,267.00","183,009.00","3,205.00","6,282.00","1,634.00","529,397.00"
2014,4,Santiago Del Estero,"3,411.00","4,231.00",19.00,920.00,37.00,"39,317.00"
2014,4,Tierra Del Fuego,"21,948.00","3,664.00",655.00,1.00,"2,722.00","2,899.00"
2014,4,Tucumán,"137,093.00",97.00,116.00,13.00,105.00,"137,424.00"
2014,3,Buenos Aires,"1,562,533.00","1,110,628.00","124,474.00","20,049.00","31,881.00","2,849,565.00"
2014,3,Capital Federal,"450,155.00","833,402.00","17,886.00","1,995.00","14,387.00","1,317,825.00"
2014,3,Catamarca,"2,438.00",244.00,15.00,0.00,47.00,"24,686.00"
2014,3,Chaco,"53,321.00","10,336.00",29.00,1.00,59.00,"63,746.00"
2014,3,Chubut,"49,219.00",668.00,882.00,"11,853.00","6,515.00","69,137.00"
2014,3,Córdoba,"340,212.00","240,334.00",444.00,"4,064.00",377.00,"585,431.00"
2014,3,Corrientes,"52,957.00","9,184.00",31.00,"1,312.00",65.00,"63,549.00"
2014,3,Entre Ríos,"108,907.00","2,244.00",48.00,"5,203.00",135.00,"136,733.00"
2014,3,Formosa,"21,021.00","4,836.00",0.00,0.00,80.00,"25,937.00"
2014,3,Jujuy,"30,128.00","3,541.00",22.00,37.00,13.00,"33,741.00"
2014,3,La Pampa,"16,051.00","3,394.00",538.00,"11,219.00",677.00,"62,425.00"
2014,3,La Rioja,"15,864.00",0.00,14.00,1.00,37.00,"15,916.00"
2014,3,Mendoza,"15,012.00","1,303.00","2,512.00",40.00,"2,222.00","167,924.00"
2014,3,Misiones,"56,933.00","18,373.00",4.00,3.00,14.00,"75,327.00"
2014,3,Neuquén,"54,458.00","30,964.00",1.00,"12,858.00","3,087.00","102,367.00"
2014,3,Río Negro,"65,264.00","2,659.00",888.00,"3,533.00","1,505.00","9,778.00"
2014,3,Salta,"73,828.00","18,394.00",43.00,109.00,580.00,"92,954.00"
2014,3,San Juan,"48,272.00",451.00,731.00,"1,199.00","1,126.00","51,779.00"
2014,3,San Luis,"11,303.00",925.00,355.00,25.00,438.00,"13,046.00"
2014,3,Santa Cruz,"17,862.00",492.00,385.00,"4,273.00","3,098.00","2,611.00"
2014,3,Santa Fe,"325,577.00","18,363.00","4,407.00",654.00,733.00,"520,887.00"
2014,3,Santiago Del Estero,"3,282.00",39.00,19.00,768.00,41.00,"37,548.00"
2014,3,Tierra Del Fuego,"2,184.00","3,469.00",650.00,1.00,"2,832.00","28,792.00"
2014,3,Tucumán,"131,739.00",97.00,117.00,13.00,100.00,"132,066.00"
2014,2,Buenos Aires,"1,568,881.00","1,025,490.00","120,008.00","1,702.00","33,147.00","2,764,546.00"
2014,2,Capital Federal,"447,637.00","828,411.00","17,729.00","1,883.00","14,555.00","1,310,215.00"
2014,2,Catamarca,"2,438.00",243.00,17.00,0.00,43.00,"24,683.00"
2014,2,Chaco,"53,321.00",987.00,30.00,0.00,58.00,"63,279.00"
2014,2,Chubut,"5,107.00",649.00,866.00,"1,096.00","6,974.00","70,519.00"
2014,2,Córdoba,"337,825.00","234,729.00",351.00,"3,673.00",374.00,"576,952.00"
2014,2,Corrientes,"52,883.00",868.00,31.00,"1,309.00",55.00,"62,958.00"
2014,2,Entre Ríos,"1,089.00","21,706.00",49.00,"4,795.00",133.00,"135,583.00"
2014,2,Formosa,"20,894.00","4,628.00",0.00,0.00,78.00,256.00
2014,2,Jujuy,"30,128.00","4,161.00",23.00,40.00,9.00,"34,361.00"
2014,2,La Pampa,"15,957.00",326.00,513.00,"5,869.00",689.00,"55,628.00"
2014,2,La Rioja,"15,864.00",0.00,14.00,0.00,34.00,"15,912.00"
2014,2,Mendoza,"148,979.00","1,303.00",248.00,36.00,"2,282.00","166,807.00"
2014,2,Misiones,"56,933.00","17,594.00",4.00,150.00,8.00,"74,689.00"
2014,2,Neuquén,"47,767.00","29,776.00",997.00,"10,765.00","2,983.00","92,288.00"
2014,2,Río Negro,"6,492.00","24,944.00",876.00,"3,657.00",156.00,"95,957.00"
2014,2,Salta,"73,841.00","17,504.00",45.00,7.00,577.00,"91,974.00"
2014,2,San Juan,"48,161.00",451.00,722.00,"1,139.00","1,173.00","51,646.00"
2014,2,San Luis,"11,306.00",925.00,354.00,22.00,448.00,"13,055.00"
2014,2,Santa Cruz,"18,956.00",448.00,381.00,"4,118.00","3,266.00","27,169.00"
2014,2,Santa Fe,"324,101.00","178,495.00","3,085.00","6,041.00",636.00,"512,358.00"
2014,2,Santiago Del Estero,"3,282.00","4,231.00",19.00,907.00,34.00,"38,011.00"
2014,2,Tierra Del Fuego,"21,618.00","3,008.00",648.00,1.00,"2,934.00","28,209.00"
2014,2,Tucumán,"13,174.00",97.00,121.00,13.00,98.00,"132,069.00"
2014,1,Buenos Aires,"1,567,685.00","1,000,879.00","12,096.00","16,528.00","33,824.00","2,739,876.00"
2014,1,Capital Federal,"445,569.00","820,161.00","17,767.00","1,866.00","14,555.00","1,299,918.00"
2014,1,Catamarca,"24,126.00",46.00,17.00,0.00,43.00,"24,232.00"
2014,1,Chaco,"52,971.00","9,497.00",30.00,0.00,58.00,"62,556.00"
2014,1,Chubut,"51,066.00",539.00,866.00,"10,776.00","6,974.00","70,221.00"
2014,1,Córdoba,"336,841.00","225,769.00",347.00,"3,585.00",368.00,"56,691.00"
2014,1,Corrientes,"52,565.00","8,279.00",31.00,"1,306.00",55.00,"62,236.00"
2014,1,Entre Ríos,"107,883.00","21,379.00",49.00,"4,887.00",133.00,"134,331.00"
2014,1,Formosa,"20,774.00","4,548.00",0.00,0.00,100.00,"25,422.00"
2014,1,Jujuy,"29,765.00",403.00,23.00,0.00,9.00,"33,827.00"
2014,1,La Pampa,"15,826.00","31,305.00",513.00,"5,848.00",701.00,"54,193.00"
2014,1,La Rioja,"15,663.00",0.00,14.00,0.00,34.00,"15,711.00"
2014,1,Mendoza,"14,897.00","12,076.00",248.00,37.00,"2,282.00","165,845.00"
2014,1,Misiones,"56,597.00","17,191.00",4.00,150.00,8.00,"7,395.00"
2014,1,Neuquén,"4,779.00","28,161.00",997.00,"10,381.00","3,051.00","9,038.00"
2014,1,Río Negro,"64,886.00","24,156.00",876.00,"3,576.00","1,572.00","95,066.00"
2014,1,Salta,"73,131.00","17,538.00",45.00,8.00,568.00,"9,129.00"
2014,1,San Juan,"48,161.00",434.00,722.00,808.00,"1,173.00","51,298.00"
2014,1,San Luis,"11,306.00",428.00,354.00,21.00,448.00,"12,557.00"
2014,1,Santa Cruz,"18,927.00",100.00,381.00,"4,092.00","3,264.00","26,764.00"
2014,1,Santa Fe,"322,662.00","174,296.00","3,059.00","5,951.00",644.00,"506,612.00"
2014,1,Santiago Del Estero,"32,567.00","3,598.00",19.00,915.00,34.00,"37,133.00"
2014,1,Tierra Del Fuego,"21,618.00","2,837.00",648.00,1.00,"2,934.00","28,038.00"
2014,1,Tucumán,"129,717.00",83.00,121.00,13.00,98.00,"130,032.00"
*,"Los datos provinciales no coinciden a nivel nacional, ya que se rincorporó información que no contien apertuta a nivel geográfico.",,,,,,,